Team,Year,Season,Week,Opponent,Outcome,Score,Points For,Points Against,Margin of Victory,Opponent Name,Real Opponent Name,
Surace,2016,6,1,avatar Poppy's Champions,Loss,89.44 - 99.46,89.44 , 99.46,-10.02,Poppy's Champions,Poppy's Champions,
Surace,2016,6,2,avatar richard,Win,84.62 - 72.96,84.62 , 72.96,11.66,richard,richard,
Surace,2016,6,3,avatar The Wolf of Greek St,Win,124.16 - 89.88,124.16, 89.88,34.28,The Wolf of Greek St,The Wolf of Greek St,
Surace,2016,6,4,avatar The Black Shepherd,Loss,90.02 - 125.52,90.02 ,125.52,-35.5,The Black Shepherd,The Black Shepherd,
Surace,2016,6,5,avatar The Mighty Albatross,Loss,99.66 - 116.40,99.66 ,116.40,-16.74,The Mighty Albatross,The Mighty Albatross,
Surace,2016,6,6,avatar The People's Champ,Loss,110.70 - 117.04,110.70,117.04,-6.34,The People's Champ,The People's Champ,
Surace,2016,6,7,avatar Commissioner Gordon,Win,131.84 - 120.62,131.84,120.62,11.22,Commissioner Gordon,Commissioner Gordon,
Surace,2016,6,8,avatar Black Mass,Loss,91.00 - 92.32,91.00 , 92.32,-1.32,Black Mass,Black Mass,
Surace,2016,6,9,avatar Dune Squad,Win,124.14 - 109.34,124.14,109.34,14.8,Dune Squad,Dune Squad,
Surace,2016,6,10,avatar GhostingTheLombardi,Win,127.98 - 105.54,127.98,105.54,22.44,GhostingTheLombardi,GhostingTheLombardi,
Surace,2016,6,11,avatar Milk Man,Win,116.50 - 109.08,116.50,109.08,7.42,Milk Man,Milk Man,
Surace,2016,6,12,avatar Poppy's Champions,Win,150.56 - 120.54,150.56,120.54,30.02,Poppy's Champions,Poppy's Champions,
Surace,2016,6,13,avatar richard,Loss,79.40 - 107.44,79.40 ,107.44,-28.04,richard,richard,
Commisioner Gordan,2016,6,1,avatar Black Mass,Win,149.12 - 107.46,149.12,107.46,41.66,Black Mass,Black Mass,
Commisioner Gordan,2016,6,2,avatar Dune Squad,Loss,87.32 - 106.68,87.32 ,106.68,-19.36,Dune Squad,Dune Squad,
Commisioner Gordan,2016,6,3,avatar GhostingTheLombardi,Win,124.54 - 81.80,124.54, 81.80,42.74,GhostingTheLombardi,GhostingTheLombardi,
Commisioner Gordan,2016,6,4,avatar Milk Man,Win,121.58 - 98.68,121.58, 98.68,22.9,Milk Man,Milk Man,
Commisioner Gordan,2016,6,5,avatar Poppy's Champions,Win,114.86 - 101.58,114.86,101.58,13.28,Poppy's Champions,Poppy's Champions,
Commisioner Gordan,2016,6,6,avatar richard,Win,100.60 - 96.00,100.60, 96.00,4.6,richard,richard,
Commisioner Gordan,2016,6,7,avatar Surace,Loss,120.62 - 131.84,120.62,131.84,-11.22,Surace,Surace,
Commisioner Gordan,2016,6,8,avatar The Black Shepherd,Loss,130.30 - 140.18,130.30,140.18,-9.88,The Black Shepherd,The Black Shepherd,
Commisioner Gordan,2016,6,9,avatar The Mighty Albatross,Loss,113.82 - 121.46,113.82,121.46,-7.64,The Mighty Albatross,The Mighty Albatross,
Commisioner Gordan,2016,6,10,avatar The People's Champ,Win,184.72 - 92.94,184.72, 92.94,91.78,The People's Champ,The People's Champ,
Commisioner Gordan,2016,6,11,avatar The Wolf of Greek St,Win,90.80 - 82.68,90.80 , 82.68,8.12,The Wolf of Greek St,The Wolf of Greek St,
Commisioner Gordan,2016,6,12,avatar Black Mass,Win,125.30 - 105.70,125.30,105.70,19.6,Black Mass,Black Mass,
Commisioner Gordan,2016,6,13,avatar Dune Squad,Loss,103.54 - 112.82,103.54,112.82,-9.28,Dune Squad,Dune Squad,
Black Mass,2016,6,1,avatar Commissioner Gordon,Loss,107.46 - 149.12,107.46,149.12,-41.66,Commissioner Gordon,Commissioner Gordon,
Black Mass,2016,6,2,avatar The Wolf of Greek St,Loss,96.06 - 113.16,96.06 ,113.16,-17.1,The Wolf of Greek St,The Wolf of Greek St,
Black Mass,2016,6,3,avatar Dune Squad,Win,116.36 - 104.44,116.36,104.44,11.92,Dune Squad,Dune Squad,
Black Mass,2016,6,4,avatar GhostingTheLombardi,Win,141.46 - 83.62,141.46, 83.62,57.84,GhostingTheLombardi,GhostingTheLombardi,
Black Mass,2016,6,5,avatar Milk Man,Loss,99.28 - 127.32,99.28 ,127.32,-28.04,Milk Man,Milk Man,
Black Mass,2016,6,6,avatar Poppy's Champions,Loss,76.10 - 126.08,76.10 ,126.08,-49.98,Poppy's Champions,Poppy's Champions,
Black Mass,2016,6,7,avatar richard,Loss,84.00 - 108.08,84.00 ,108.08,-24.08,richard,richard,
Black Mass,2016,6,8,avatar Surace,Win,92.32 - 91.00,92.32 , 91.00,1.32,Surace,Surace,
Black Mass,2016,6,9,avatar The Black Shepherd,Win,90.46 - 85.38,90.46 , 85.38,5.08,The Black Shepherd,The Black Shepherd,
Black Mass,2016,6,10,avatar The Mighty Albatross,Loss,111.04 - 113.28,111.04,113.28,-2.24,The Mighty Albatross,The Mighty Albatross,
Black Mass,2016,6,11,avatar The People's Champ,Loss,95.30 - 114.20,95.30 ,114.20,-18.9,The People's Champ,The People's Champ,
Black Mass,2016,6,12,avatar Commissioner Gordon,Loss,105.70 - 125.30,105.70,125.30,-19.6,Commissioner Gordon,Commissioner Gordon,
Black Mass,2016,6,13,avatar The Wolf of Greek St,Loss,99.90 - 110.46,99.90 ,110.46,-10.56,The Wolf of Greek St,The Wolf of Greek St,
Dune Squad,2016,6,1,avatar The People's Champ,Loss,122.00 - 122.50,122.00,122.50,-0.5,The People's Champ,The People's Champ,
Dune Squad,2016,6,2,avatar Commissioner Gordon,Win,106.68 - 87.32,106.68, 87.32,19.36,Commissioner Gordon,Commissioner Gordon,
Dune Squad,2016,6,3,avatar Black Mass,Loss,104.44 - 116.36,104.44,116.36,-11.92,Black Mass,Black Mass,
Dune Squad,2016,6,4,avatar The Wolf of Greek St,Loss,92.96 - 150.40,92.96 ,150.40,-57.44,The Wolf of Greek St,The Wolf of Greek St,
Dune Squad,2016,6,5,avatar GhostingTheLombardi,Win,136.28 - 104.76,136.28,104.76,31.52,GhostingTheLombardi,GhostingTheLombardi,
Dune Squad,2016,6,6,avatar Milk Man,Win,120.78 - 90.66,120.78, 90.66,30.12,Milk Man,Milk Man,
Dune Squad,2016,6,7,avatar Poppy's Champions,Loss,95.62 - 125.32,95.62 ,125.32,-29.7,Poppy's Champions,Poppy's Champions,
Dune Squad,2016,6,8,avatar richard,Loss,106.32 - 116.22,106.32,116.22,-9.9,richard,richard,
Dune Squad,2016,6,9,avatar Surace,Loss,109.34 - 124.14,109.34,124.14,-14.8,Surace,Surace,
Dune Squad,2016,6,10,avatar The Black Shepherd,Win,88.62 - 78.34,88.62 , 78.34,10.28,The Black Shepherd,The Black Shepherd,
Dune Squad,2016,6,11,avatar The Mighty Albatross,Win,98.28 - 94.80,98.28 , 94.80,3.48,The Mighty Albatross,The Mighty Albatross,
Dune Squad,2016,6,12,avatar The People's Champ,Loss,68.04 - 92.24,68.04 , 92.24,-24.2,The People's Champ,The People's Champ,
Dune Squad,2016,6,13,avatar Commissioner Gordon,Win,112.82 - 103.54,112.82,103.54,9.28,Commissioner Gordon,Commissioner Gordon,
GhostingTheLombardi,2016,6,1,avatar The Mighty Albatross,Win,124.56 - 93.04,124.56, 93.04,31.52,The Mighty Albatross,The Mighty Albatross,
GhostingTheLombardi,2016,6,2,avatar The People's Champ,Win,110.12 - 87.10,110.12, 87.10,23.02,The People's Champ,The People's Champ,
GhostingTheLombardi,2016,6,3,avatar Commissioner Gordon,Loss,81.80 - 124.54,81.80 ,124.54,-42.74,Commissioner Gordon,Commissioner Gordon,
GhostingTheLombardi,2016,6,4,avatar Black Mass,Loss,83.62 - 141.46,83.62 ,141.46,-57.84,Black Mass,Black Mass,
GhostingTheLombardi,2016,6,5,avatar Dune Squad,Loss,104.76 - 136.28,104.76,136.28,-31.52,Dune Squad,Dune Squad,
GhostingTheLombardi,2016,6,6,avatar The Wolf of Greek St,Win,97.66 - 91.70,97.66 , 91.70,5.96,The Wolf of Greek St,The Wolf of Greek St,
GhostingTheLombardi,2016,6,7,avatar Milk Man,Loss,91.54 - 100.14,91.54 ,100.14,-8.6,Milk Man,Milk Man,
GhostingTheLombardi,2016,6,8,avatar Poppy's Champions,Win,106.04 - 103.08,106.04,103.08,2.96,Poppy's Champions,Poppy's Champions,
GhostingTheLombardi,2016,6,9,avatar richard,Win,121.18 - 79.68,121.18, 79.68,41.5,richard,richard,
GhostingTheLombardi,2016,6,10,avatar Surace,Loss,105.54 - 127.98,105.54,127.98,-22.44,Surace,Surace,
GhostingTheLombardi,2016,6,11,avatar The Black Shepherd,Loss,107.34 - 109.38,107.34,109.38,-2.04,The Black Shepherd,The Black Shepherd,
GhostingTheLombardi,2016,6,12,avatar The Mighty Albatross,Loss,91.12 - 104.04,91.12 ,104.04,-12.92,The Mighty Albatross,The Mighty Albatross,
GhostingTheLombardi,2016,6,13,avatar The People's Champ,Win,102.76 - 98.66,102.76, 98.66,4.1,The People's Champ,The People's Champ,
Milk Man,2016,6,1,avatar The Black Shepherd,Win,124.78 - 90.32,124.78, 90.32,34.46,The Black Shepherd,The Black Shepherd,
Milk Man,2016,6,2,avatar The Mighty Albatross,Loss,108.92 - 134.60,108.92,134.60,-25.68,The Mighty Albatross,The Mighty Albatross,
Milk Man,2016,6,3,avatar The People's Champ,Win,144.40 - 75.10,144.40, 75.10,69.3,The People's Champ,The People's Champ,
Milk Man,2016,6,4,avatar Commissioner Gordon,Loss,98.68 - 121.58,98.68 ,121.58,-22.9,Commissioner Gordon,Commissioner Gordon,
Milk Man,2016,6,5,avatar Black Mass,Win,127.32 - 99.28,127.32, 99.28,28.04,Black Mass,Black Mass,
Milk Man,2016,6,6,avatar Dune Squad,Loss,90.66 - 120.78,90.66 ,120.78,-30.12,Dune Squad,Dune Squad,
Milk Man,2016,6,7,avatar GhostingTheLombardi,Win,100.14 - 91.54,100.14, 91.54,8.6,GhostingTheLombardi,GhostingTheLombardi,
Milk Man,2016,6,8,avatar The Wolf of Greek St,Loss,82.88 - 123.82,82.88 ,123.82,-40.94,The Wolf of Greek St,The Wolf of Greek St,
Milk Man,2016,6,9,avatar Poppy's Champions,Win,103.68 - 96.90,103.68, 96.90,6.78,Poppy's Champions,Poppy's Champions,
Milk Man,2016,6,10,avatar richard,Loss,101.70 - 104.26,101.70,104.26,-2.56,richard,richard,
Milk Man,2016,6,11,avatar Surace,Loss,109.08 - 116.50,109.08,116.50,-7.42,Surace,Surace,
Milk Man,2016,6,12,avatar The Black Shepherd,Win,132.56 - 106.26,132.56,106.26,26.3,The Black Shepherd,The Black Shepherd,
Milk Man,2016,6,13,avatar The Mighty Albatross,Win,123.70 - 94.08,123.70, 94.08,29.62,The Mighty Albatross,The Mighty Albatross,
Poppy's Champions,2016,6,1,avatar Surace,Win,99.46 - 89.44,99.46 , 89.44,10.02,Surace,Surace,
Poppy's Champions,2016,6,2,avatar The Black Shepherd,Win,154.82 - 82.36,154.82, 82.36,72.46,The Black Shepherd,The Black Shepherd,
Poppy's Champions,2016,6,3,avatar The Mighty Albatross,Loss,101.48 - 123.54,101.48,123.54,-22.06,The Mighty Albatross,The Mighty Albatross,
Poppy's Champions,2016,6,4,avatar The People's Champ,Win,87.80 - 80.14,87.80 , 80.14,7.66,The People's Champ,The People's Champ,
Poppy's Champions,2016,6,5,avatar Commissioner Gordon,Loss,101.58 - 114.86,101.58,114.86,-13.28,Commissioner Gordon,Commissioner Gordon,
Poppy's Champions,2016,6,6,avatar Black Mass,Win,126.08 - 76.10,126.08, 76.10,49.98,Black Mass,Black Mass,
Poppy's Champions,2016,6,7,avatar Dune Squad,Win,125.32 - 95.62,125.32, 95.62,29.7,Dune Squad,Dune Squad,
Poppy's Champions,2016,6,8,avatar GhostingTheLombardi,Loss,103.08 - 106.04,103.08,106.04,-2.96,GhostingTheLombardi,GhostingTheLombardi,
Poppy's Champions,2016,6,9,avatar Milk Man,Loss,96.90 - 103.68,96.90 ,103.68,-6.78,Milk Man,Milk Man,
Poppy's Champions,2016,6,10,avatar The Wolf of Greek St,Win,108.44 - 105.02,108.44,105.02,3.42,The Wolf of Greek St,The Wolf of Greek St,
Poppy's Champions,2016,6,11,avatar richard,Loss,70.18 - 101.22,70.18 ,101.22,-31.04,richard,richard,
Poppy's Champions,2016,6,12,avatar Surace,Loss,120.54 - 150.56,120.54,150.56,-30.02,Surace,Surace,
Poppy's Champions,2016,6,13,avatar The Black Shepherd,Win,116.90 - 91.80,116.90, 91.80,25.1,The Black Shepherd,The Black Shepherd,
Richard,2016,6,1,avatar The Wolf of Greek St,Loss,109.82 - 116.70,109.82,116.70,-6.88,The Wolf of Greek St,The Wolf of Greek St,
Richard,2016,6,2,avatar Surace,Loss,72.96 - 84.62,72.96 , 84.62,-11.66,Surace,Surace,
Richard,2016,6,3,avatar The Black Shepherd,Loss,117.50 - 126.18,117.50,126.18,-8.68,The Black Shepherd,The Black Shepherd,
Richard,2016,6,4,avatar The Mighty Albatross,Win,120.12 - 83.02,120.12, 83.02,37.1,The Mighty Albatross,The Mighty Albatross,
Richard,2016,6,5,avatar The People's Champ,Loss,72.50 - 112.34,72.50 ,112.34,-39.84,The People's Champ,The People's Champ,
Richard,2016,6,6,avatar Commissioner Gordon,Loss,96.00 - 100.60,96.00 ,100.60,-4.6,Commissioner Gordon,Commissioner Gordon,
Richard,2016,6,7,avatar Black Mass,Win,108.08 - 84.00,108.08, 84.00,24.08,Black Mass,Black Mass,
Richard,2016,6,8,avatar Dune Squad,Win,116.22 - 106.32,116.22,106.32,9.9,Dune Squad,Dune Squad,
Richard,2016,6,9,avatar GhostingTheLombardi,Loss,79.68 - 121.18,79.68 ,121.18,-41.5,GhostingTheLombardi,GhostingTheLombardi,
Richard,2016,6,10,avatar Milk Man,Win,104.26 - 101.70,104.26,101.70,2.56,Milk Man,Milk Man,
Richard,2016,6,11,avatar Poppy's Champions,Win,101.22 - 70.18,101.22, 70.18,31.04,Poppy's Champions,Poppy's Champions,
Richard,2016,6,12,avatar The Wolf of Greek St,Win,89.90 - 89.54,89.90 , 89.54,0.36,The Wolf of Greek St,The Wolf of Greek St,
Richard,2016,6,13,avatar Surace,Win,107.44 - 79.40,107.44, 79.40,28.04,Surace,Surace,
The Black Shepherd,2016,6,1,avatar Milk Man,Loss,90.32 - 124.78,90.32 ,124.78,-34.46,Milk Man,Milk Man,
The Black Shepherd,2016,6,2,avatar Poppy's Champions,Loss,82.36 - 154.82,82.36 ,154.82,-72.46,Poppy's Champions,Poppy's Champions,
The Black Shepherd,2016,6,3,avatar richard,Win,126.18 - 117.50,126.18,117.50,8.68,richard,richard,
The Black Shepherd,2016,6,4,avatar Surace,Win,125.52 - 90.02,125.52, 90.02,35.5,Surace,Surace,
The Black Shepherd,2016,6,5,avatar The Wolf of Greek St,Win,126.86 - 90.60,126.86, 90.60,36.26,The Wolf of Greek St,The Wolf of Greek St,
The Black Shepherd,2016,6,6,avatar The Mighty Albatross,Loss,63.52 - 88.80,63.52 , 88.80,-25.28,The Mighty Albatross,The Mighty Albatross,
The Black Shepherd,2016,6,7,avatar The People's Champ,Loss,69.74 - 123.98,69.74 ,123.98,-54.24,The People's Champ,The People's Champ,
The Black Shepherd,2016,6,8,avatar Commissioner Gordon,Win,140.18 - 130.30,140.18,130.30,9.88,Commissioner Gordon,Commissioner Gordon,
The Black Shepherd,2016,6,9,avatar Black Mass,Loss,85.38 - 90.46,85.38 , 90.46,-5.08,Black Mass,Black Mass,
The Black Shepherd,2016,6,10,avatar Dune Squad,Loss,78.34 - 88.62,78.34 , 88.62,-10.28,Dune Squad,Dune Squad,
The Black Shepherd,2016,6,11,avatar GhostingTheLombardi,Win,109.38 - 107.34,109.38,107.34,2.04,GhostingTheLombardi,GhostingTheLombardi,
The Black Shepherd,2016,6,12,avatar Milk Man,Loss,106.26 - 132.56,106.26,132.56,-26.3,Milk Man,Milk Man,
The Black Shepherd,2016,6,13,avatar Poppy's Champions,Loss,91.80 - 116.90,91.80 ,116.90,-25.1,Poppy's Champions,Poppy's Champions,
The Mighty Albatross,2016,6,1,avatar GhostingTheLombardi,Loss,93.04 - 124.56,93.04 ,124.56,-31.52,GhostingTheLombardi,GhostingTheLombardi,
The Mighty Albatross,2016,6,2,avatar Milk Man,Win,134.60 - 108.92,134.60,108.92,25.68,Milk Man,Milk Man,
The Mighty Albatross,2016,6,3,avatar Poppy's Champions,Win,123.54 - 101.48,123.54,101.48,22.06,Poppy's Champions,Poppy's Champions,
The Mighty Albatross,2016,6,4,avatar richard,Loss,83.02 - 120.12,83.02 ,120.12,-37.1,richard,richard,
The Mighty Albatross,2016,6,5,avatar Surace,Win,116.40 - 99.66,116.40, 99.66,16.74,Surace,Surace,
The Mighty Albatross,2016,6,6,avatar The Black Shepherd,Win,88.80 - 63.52,88.80 , 63.52,25.28,The Black Shepherd,The Black Shepherd,
The Mighty Albatross,2016,6,7,avatar The Wolf of Greek St,Loss,62.44 - 132.84,62.44 ,132.84,-70.4,The Wolf of Greek St,The Wolf of Greek St,
The Mighty Albatross,2016,6,8,avatar The People's Champ,Loss,72.90 - 112.40,72.90 ,112.40,-39.5,The People's Champ,The People's Champ,
The Mighty Albatross,2016,6,9,avatar Commissioner Gordon,Win,121.46 - 113.82,121.46,113.82,7.64,Commissioner Gordon,Commissioner Gordon,
The Mighty Albatross,2016,6,10,avatar Black Mass,Win,113.28 - 111.04,113.28,111.04,2.24,Black Mass,Black Mass,
The Mighty Albatross,2016,6,11,avatar Dune Squad,Loss,94.80 - 98.28,94.80 , 98.28,-3.48,Dune Squad,Dune Squad,
The Mighty Albatross,2016,6,12,avatar GhostingTheLombardi,Win,104.04 - 91.12,104.04, 91.12,12.92,GhostingTheLombardi,GhostingTheLombardi,
The Mighty Albatross,2016,6,13,avatar Milk Man,Loss,94.08 - 123.70,94.08 ,123.70,-29.62,Milk Man,Milk Man,
The People's Champ,2016,6,1,avatar Dune Squad,Win,122.50 - 122.00,122.50,122.00,0.5,Dune Squad,Dune Squad,
The People's Champ,2016,6,2,avatar GhostingTheLombardi,Loss,87.10 - 110.12,87.10 ,110.12,-23.02,GhostingTheLombardi,GhostingTheLombardi,
The People's Champ,2016,6,3,avatar Milk Man,Loss,75.10 - 144.40,75.10 ,144.40,-69.3,Milk Man,Milk Man,
The People's Champ,2016,6,4,avatar Poppy's Champions,Loss,80.14 - 87.80,80.14 , 87.80,-7.66,Poppy's Champions,Poppy's Champions,
The People's Champ,2016,6,5,avatar richard,Win,112.34 - 72.50,112.34, 72.50,39.84,richard,richard,
The People's Champ,2016,6,6,avatar Surace,Win,117.04 - 110.70,117.04,110.70,6.34,Surace,Surace,
The People's Champ,2016,6,7,avatar The Black Shepherd,Win,123.98 - 69.74,123.98, 69.74,54.24,The Black Shepherd,The Black Shepherd,
The People's Champ,2016,6,8,avatar The Mighty Albatross,Win,112.40 - 72.90,112.40, 72.90,39.5,The Mighty Albatross,The Mighty Albatross,
The People's Champ,2016,6,9,avatar The Wolf of Greek St,Loss,95.82 - 129.76,95.82 ,129.76,-33.94,The Wolf of Greek St,The Wolf of Greek St,
The People's Champ,2016,6,10,avatar Commissioner Gordon,Loss,92.94 - 184.72,92.94 ,184.72,-91.78,Commissioner Gordon,Commissioner Gordon,
The People's Champ,2016,6,11,avatar Black Mass,Win,114.20 - 95.30,114.20, 95.30,18.9,Black Mass,Black Mass,
The People's Champ,2016,6,12,avatar Dune Squad,Win,92.24 - 68.04,92.24 , 68.04,24.2,Dune Squad,Dune Squad,
The People's Champ,2016,6,13,avatar GhostingTheLombardi,Loss,98.66 - 102.76,98.66 ,102.76,-4.1,GhostingTheLombardi,GhostingTheLombardi,
The Wolf of Greek St,2016,6,1,avatar richard,Win,116.70 - 109.82,116.70,109.82,6.88,richard,richard,
The Wolf of Greek St,2016,6,2,avatar Black Mass,Win,113.16 - 96.06,113.16, 96.06,17.1,Black Mass,Black Mass,
The Wolf of Greek St,2016,6,3,avatar Surace,Loss,89.88 - 124.16,89.88 ,124.16,-34.28,Surace,Surace,
The Wolf of Greek St,2016,6,4,avatar Dune Squad,Win,150.40 - 92.96,150.40, 92.96,57.44,Dune Squad,Dune Squad,
The Wolf of Greek St,2016,6,5,avatar The Black Shepherd,Loss,90.60 - 126.86,90.60 ,126.86,-36.26,The Black Shepherd,The Black Shepherd,
The Wolf of Greek St,2016,6,6,avatar GhostingTheLombardi,Loss,91.70 - 97.66,91.70 , 97.66,-5.96,GhostingTheLombardi,GhostingTheLombardi,
The Wolf of Greek St,2016,6,7,avatar The Mighty Albatross,Win,132.84 - 62.44,132.84, 62.44,70.4,The Mighty Albatross,The Mighty Albatross,
The Wolf of Greek St,2016,6,8,avatar Milk Man,Win,123.82 - 82.88,123.82, 82.88,40.94,Milk Man,Milk Man,
The Wolf of Greek St,2016,6,9,avatar The People's Champ,Win,129.76 - 95.82,129.76, 95.82,33.94,The People's Champ,The People's Champ,
The Wolf of Greek St,2016,6,10,avatar Poppy's Champions,Loss,105.02 - 108.44,105.02,108.44,-3.42,Poppy's Champions,Poppy's Champions,
The Wolf of Greek St,2016,6,11,avatar Commissioner Gordon,Loss,82.68 - 90.80,82.68 , 90.80,-8.12,Commissioner Gordon,Commissioner Gordon,
The Wolf of Greek St,2016,6,12,avatar richard,Loss,89.54 - 89.90,89.54 , 89.90,-0.36,richard,richard,
The Wolf of Greek St,2016,6,13,avatar Black Mass,Win,110.46 - 99.90,110.46, 99.90,10.56,Black Mass,Black Mass,
Surace,2015,5,1,avatar GhostingTheLombardi,Loss,92.90 - 107.04,92.90 ,107.04,-14.14,GhostingTheLombardi,GhostingTheLombardi,
Surace,2015,5,2,avatar richard,Loss,101.44 - 116.60,101.44,116.60,-15.16,richard,richard,
Surace,2015,5,3,avatar Poppy's Champions,Loss,99.76 - 151.08,99.76 ,151.08,-51.32,Poppy's Champions,Poppy's Champions,
Surace,2015,5,4,avatar The People's Champ,Win,75.72 - 75.12,75.72 , 75.12,0.6,The People's Champ,The People's Champ,
Surace,2015,5,5,avatar The Wolf of Greek St,Win,116.74 - 91.52,116.74, 91.52,25.22,The Wolf of Greek St,The Wolf of Greek St,
Surace,2015,5,6,avatar Milk Man,Loss,97.00 - 108.54,97.00 ,108.54,-11.54,Milk Man,Milk Man,
Surace,2015,5,7,avatar The Black Shepherd,Loss,102.40 - 127.14,102.40,127.14,-24.74,The Black Shepherd,The Black Shepherd,
Surace,2015,5,8,avatar GhostingTheLombardi,Win,116.00 - 99.14,116.00, 99.14,16.86,GhostingTheLombardi,GhostingTheLombardi,
Surace,2015,5,9,avatar The Mighty Albatross,Loss,96.02 - 111.84,96.02 ,111.84,-15.82,The Mighty Albatross,The Mighty Albatross,
Surace,2015,5,10,avatar Dune Squad,Win,130.04 - 70.96,130.04, 70.96,59.08,Dune Squad,Dune Squad,
Surace,2015,5,11,avatar richard,Win,88.32 - 65.66,88.32 , 65.66,22.66,richard,richard,
Surace,2015,5,12,avatar Poppy's Champions,Loss,132.04 - 140.18,132.04,140.18,-8.14,Poppy's Champions,Poppy's Champions,
Surace,2015,5,13,avatar Milk Man,Loss,133.98 - 135.76,133.98,135.76,-1.78,Milk Man,Milk Man,
Commisioner Gordan,2015,5,1,avatar Dune Squad,Loss,123.20 - 137.92,123.20,137.92,-14.72,Dune Squad,Dune Squad,
Commisioner Gordan,2015,5,2,avatar The Mighty Albatross,Loss,88.90 - 100.38,88.90 ,100.38,-11.48,The Mighty Albatross,The Mighty Albatross,
Commisioner Gordan,2015,5,3,avatar Black Mass,Win,114.98 - 106.40,114.98,106.40,8.58,Black Mass,Black Mass,
Commisioner Gordan,2015,5,4,avatar Milk Man,Win,126.24 - 93.58,126.24, 93.58,32.66,Milk Man,Milk Man,
Commisioner Gordan,2015,5,5,avatar Poppy's Champions,Win,137.34 - 100.74,137.34,100.74,36.6,Poppy's Champions,Poppy's Champions,
Commisioner Gordan,2015,5,6,avatar The Wolf of Greek St,Loss,83.28 - 106.70,83.28 ,106.70,-23.42,The Wolf of Greek St,The Wolf of Greek St,
Commisioner Gordan,2015,5,7,avatar The People's Champ,Loss,101.40 - 152.38,101.40,152.38,-50.98,The People's Champ,The People's Champ,
Commisioner Gordan,2015,5,8,avatar Dune Squad,Win,153.80 - 96.84,153.80, 96.84,56.96,Dune Squad,Dune Squad,
Commisioner Gordan,2015,5,9,avatar GhostingTheLombardi,Win,122.58 - 121.16,122.58,121.16,1.42,GhostingTheLombardi,GhostingTheLombardi,
Commisioner Gordan,2015,5,10,avatar The Black Shepherd,Loss,72.36 - 121.24,72.36 ,121.24,-48.88,The Black Shepherd,The Black Shepherd,
Commisioner Gordan,2015,5,11,avatar The Mighty Albatross,Loss,103.58 - 113.64,103.58,113.64,-10.06,The Mighty Albatross,The Mighty Albatross,
Commisioner Gordan,2015,5,12,avatar Black Mass,Win,129.58 - 94.16,129.58, 94.16,35.42,Black Mass,Black Mass,
Commisioner Gordan,2015,5,13,avatar The Wolf of Greek St,Loss,86.00 - 99.88,86.00 , 99.88,-13.88,The Wolf of Greek St,The Wolf of Greek St,
Black Mass,2015,5,1,avatar The People's Champ,Loss,86.12 - 89.74,86.12 , 89.74,-3.62,The People's Champ,The People's Champ,
Black Mass,2015,5,2,avatar Dune Squad,Loss,87.32 - 109.94,87.32 ,109.94,-22.62,Dune Squad,Dune Squad,
Black Mass,2015,5,3,avatar Commissioner Gordon,Loss,106.40 - 114.98,106.40,114.98,-8.58,Commissioner Gordon,Commissioner Gordon,
Black Mass,2015,5,4,avatar richard,Win,106.34 - 68.02,106.34, 68.02,38.32,richard,richard,
Black Mass,2015,5,5,avatar Milk Man,Loss,69.36 - 82.52,69.36 , 82.52,-13.16,Milk Man,Milk Man,
Black Mass,2015,5,6,avatar The Mighty Albatross,Loss,99.70 - 126.94,99.70 ,126.94,-27.24,The Mighty Albatross,The Mighty Albatross,
Black Mass,2015,5,7,avatar The Wolf of Greek St,Loss,96.34 - 125.38,96.34 ,125.38,-29.04,The Wolf of Greek St,The Wolf of Greek St,
Black Mass,2015,5,8,avatar The People's Champ,Win,127.58 - 93.80,127.58, 93.80,33.78,The People's Champ,The People's Champ,
Black Mass,2015,5,9,avatar Poppy's Champions,Win,175.82 - 120.76,175.82,120.76,55.06,Poppy's Champions,Poppy's Champions,
Black Mass,2015,5,10,avatar GhostingTheLombardi,Win,121.92 - 77.78,121.92, 77.78,44.14,GhostingTheLombardi,GhostingTheLombardi,
Black Mass,2015,5,11,avatar Dune Squad,Win,105.88 - 102.38,105.88,102.38,3.5,Dune Squad,Dune Squad,
Black Mass,2015,5,12,avatar Commissioner Gordon,Loss,94.16 - 129.58,94.16 ,129.58,-35.42,Commissioner Gordon,Commissioner Gordon,
Black Mass,2015,5,13,avatar The Mighty Albatross,Loss,131.38 - 131.60,131.38,131.60,-0.22,The Mighty Albatross,The Mighty Albatross,
Dune Squad,2015,5,1,avatar Commissioner Gordon,Win,137.92 - 123.20,137.92,123.20,14.72,Commissioner Gordon,Commissioner Gordon,
Dune Squad,2015,5,2,avatar Black Mass,Win,109.94 - 87.32,109.94, 87.32,22.62,Black Mass,Black Mass,
Dune Squad,2015,5,3,avatar The Wolf of Greek St,Loss,94.72 - 136.20,94.72 ,136.20,-41.48,The Wolf of Greek St,The Wolf of Greek St,
Dune Squad,2015,5,4,avatar Poppy's Champions,Loss,98.96 - 101.36,98.96 ,101.36,-2.4,Poppy's Champions,Poppy's Champions,
Dune Squad,2015,5,5,avatar GhostingTheLombardi,Loss,68.80 - 95.64,68.80 , 95.64,-26.84,GhostingTheLombardi,GhostingTheLombardi,
Dune Squad,2015,5,6,avatar The People's Champ,Loss,110.08 - 118.44,110.08,118.44,-8.36,The People's Champ,The People's Champ,
Dune Squad,2015,5,7,avatar The Mighty Albatross,Win,124.10 - 89.20,124.10, 89.20,34.9,The Mighty Albatross,The Mighty Albatross,
Dune Squad,2015,5,8,avatar Commissioner Gordon,Loss,96.84 - 153.80,96.84 ,153.80,-56.96,Commissioner Gordon,Commissioner Gordon,
Dune Squad,2015,5,9,avatar The Black Shepherd,Win,95.72 - 70.70,95.72 , 70.70,25.02,The Black Shepherd,The Black Shepherd,
Dune Squad,2015,5,10,avatar Surace,Loss,70.96 - 130.04,70.96 ,130.04,-59.08,Surace,Surace,
Dune Squad,2015,5,11,avatar Black Mass,Loss,102.38 - 105.88,102.38,105.88,-3.5,Black Mass,Black Mass,
Dune Squad,2015,5,12,avatar The Wolf of Greek St,Win,130.90 - 120.42,130.90,120.42,10.48,The Wolf of Greek St,The Wolf of Greek St,
Dune Squad,2015,5,13,avatar The People's Champ,Win,130.28 - 124.24,130.28,124.24,6.04,The People's Champ,The People's Champ,
GhostingTheLombardi,2015,5,1,avatar Surace,Win,107.04 - 92.90,107.04, 92.90,14.14,Surace,Surace,
GhostingTheLombardi,2015,5,2,avatar Milk Man,Loss,95.00 - 96.84,95.00 , 96.84,-1.84,Milk Man,Milk Man,
GhostingTheLombardi,2015,5,3,avatar richard,Win,115.92 - 80.90,115.92, 80.90,35.02,richard,richard,
GhostingTheLombardi,2015,5,4,avatar The Mighty Albatross,Loss,79.34 - 110.38,79.34 ,110.38,-31.04,The Mighty Albatross,The Mighty Albatross,
GhostingTheLombardi,2015,5,5,avatar Dune Squad,Win,95.64 - 68.80,95.64 , 68.80,26.84,Dune Squad,Dune Squad,
GhostingTheLombardi,2015,5,6,avatar The Black Shepherd,Loss,103.22 - 137.82,103.22,137.82,-34.6,The Black Shepherd,The Black Shepherd,
GhostingTheLombardi,2015,5,7,avatar Poppy's Champions,Loss,114.54 - 126.42,114.54,126.42,-11.88,Poppy's Champions,Poppy's Champions,
GhostingTheLombardi,2015,5,8,avatar Surace,Loss,99.14 - 116.00,99.14 ,116.00,-16.86,Surace,Surace,
GhostingTheLombardi,2015,5,9,avatar Commissioner Gordon,Loss,121.16 - 122.58,121.16,122.58,-1.42,Commissioner Gordon,Commissioner Gordon,
GhostingTheLombardi,2015,5,10,avatar Black Mass,Loss,77.78 - 121.92,77.78 ,121.92,-44.14,Black Mass,Black Mass,
GhostingTheLombardi,2015,5,11,avatar Milk Man,Win,80.70 - 74.08,80.70 , 74.08,6.62,Milk Man,Milk Man,
GhostingTheLombardi,2015,5,12,avatar richard,Loss,97.12 - 123.70,97.12 ,123.70,-26.58,richard,richard,
GhostingTheLombardi,2015,5,13,avatar The Black Shepherd,Win,94.90 - 83.84,94.90 , 83.84,11.06,The Black Shepherd,The Black Shepherd,
Milk Man,2015,5,1,avatar Poppy's Champions,Loss,100.34 - 131.54,100.34,131.54,-31.2,Poppy's Champions,Poppy's Champions,
Milk Man,2015,5,2,avatar GhostingTheLombardi,Win,96.84 - 95.00,96.84 , 95.00,1.84,GhostingTheLombardi,GhostingTheLombardi,
Milk Man,2015,5,3,avatar The Black Shepherd,Win,139.20 - 103.72,139.20,103.72,35.48,The Black Shepherd,The Black Shepherd,
Milk Man,2015,5,4,avatar Commissioner Gordon,Loss,93.58 - 126.24,93.58 ,126.24,-32.66,Commissioner Gordon,Commissioner Gordon,
Milk Man,2015,5,5,avatar Black Mass,Win,82.52 - 69.36,82.52 , 69.36,13.16,Black Mass,Black Mass,
Milk Man,2015,5,6,avatar Surace,Win,108.54 - 97.00,108.54, 97.00,11.54,Surace,Surace,
Milk Man,2015,5,7,avatar richard,Win,97.20 - 79.02,97.20 , 79.02,18.18,richard,richard,
Milk Man,2015,5,8,avatar Poppy's Champions,Loss,87.34 - 93.18,87.34 , 93.18,-5.84,Poppy's Champions,Poppy's Champions,
Milk Man,2015,5,9,avatar The People's Champ,Loss,84.08 - 98.66,84.08 , 98.66,-14.58,The People's Champ,The People's Champ,
Milk Man,2015,5,10,avatar The Wolf of Greek St,Loss,74.30 - 89.98,74.30 , 89.98,-15.68,The Wolf of Greek St,The Wolf of Greek St,
Milk Man,2015,5,11,avatar GhostingTheLombardi,Loss,74.08 - 80.70,74.08 , 80.70,-6.62,GhostingTheLombardi,GhostingTheLombardi,
Milk Man,2015,5,12,avatar The Black Shepherd,Win,93.84 - 88.40,93.84 , 88.40,5.44,The Black Shepherd,The Black Shepherd,
Milk Man,2015,5,13,avatar Surace,Win,135.76 - 133.98,135.76,133.98,1.78,Surace,Surace,
Poppy's Champions,2015,5,1,avatar Milk Man,Win,131.54 - 100.34,131.54,100.34,31.2,Milk Man,Milk Man,
Poppy's Champions,2015,5,2,avatar The Black Shepherd,Win,118.76 - 107.66,118.76,107.66,11.1,The Black Shepherd,The Black Shepherd,
Poppy's Champions,2015,5,3,avatar Surace,Win,151.08 - 99.76,151.08, 99.76,51.32,Surace,Surace,
Poppy's Champions,2015,5,4,avatar Dune Squad,Win,101.36 - 98.96,101.36, 98.96,2.4,Dune Squad,Dune Squad,
Poppy's Champions,2015,5,5,avatar Commissioner Gordon,Loss,100.74 - 137.34,100.74,137.34,-36.6,Commissioner Gordon,Commissioner Gordon,
Poppy's Champions,2015,5,6,avatar richard,Loss,108.30 - 132.68,108.30,132.68,-24.38,richard,richard,
Poppy's Champions,2015,5,7,avatar GhostingTheLombardi,Win,126.42 - 114.54,126.42,114.54,11.88,GhostingTheLombardi,GhostingTheLombardi,
Poppy's Champions,2015,5,8,avatar Milk Man,Win,93.18 - 87.34,93.18 , 87.34,5.84,Milk Man,Milk Man,
Poppy's Champions,2015,5,9,avatar Black Mass,Loss,120.76 - 175.82,120.76,175.82,-55.06,Black Mass,Black Mass,
Poppy's Champions,2015,5,10,avatar The People's Champ,Win,116.32 - 106.82,116.32,106.82,9.5,The People's Champ,The People's Champ,
Poppy's Champions,2015,5,11,avatar The Black Shepherd,Win,86.78 - 83.72,86.78 , 83.72,3.06,The Black Shepherd,The Black Shepherd,
Poppy's Champions,2015,5,12,avatar Surace,Win,140.18 - 132.04,140.18,132.04,8.14,Surace,Surace,
Poppy's Champions,2015,5,13,avatar richard,Loss,96.12 - 99.52,96.12 , 99.52,-3.4,richard,richard,
Richard,2015,5,1,avatar The Black Shepherd,Win,118.32 - 108.76,118.32,108.76,9.56,The Black Shepherd,The Black Shepherd,
Richard,2015,5,2,avatar Surace,Win,116.60 - 101.44,116.60,101.44,15.16,Surace,Surace,
Richard,2015,5,3,avatar GhostingTheLombardi,Loss,80.90 - 115.92,80.90 ,115.92,-35.02,GhostingTheLombardi,GhostingTheLombardi,
Richard,2015,5,4,avatar Black Mass,Loss,68.02 - 106.34,68.02 ,106.34,-38.32,Black Mass,Black Mass,
Richard,2015,5,5,avatar The People's Champ,Win,164.82 - 109.88,164.82,109.88,54.94,The People's Champ,The People's Champ,
Richard,2015,5,6,avatar Poppy's Champions,Win,132.68 - 108.30,132.68,108.30,24.38,Poppy's Champions,Poppy's Champions,
Richard,2015,5,7,avatar Milk Man,Loss,79.02 - 97.20,79.02 , 97.20,-18.18,Milk Man,Milk Man,
Richard,2015,5,8,avatar The Black Shepherd,Win,144.34 - 87.64,144.34, 87.64,56.7,The Black Shepherd,The Black Shepherd,
Richard,2015,5,9,avatar The Wolf of Greek St,Win,125.88 - 121.48,125.88,121.48,4.4,The Wolf of Greek St,The Wolf of Greek St,
Richard,2015,5,10,avatar The Mighty Albatross,Loss,82.68 - 127.62,82.68 ,127.62,-44.94,The Mighty Albatross,The Mighty Albatross,
Richard,2015,5,11,avatar Surace,Loss,65.66 - 88.32,65.66 , 88.32,-22.66,Surace,Surace,
Richard,2015,5,12,avatar GhostingTheLombardi,Win,123.70 - 97.12,123.70, 97.12,26.58,GhostingTheLombardi,GhostingTheLombardi,
Richard,2015,5,13,avatar Poppy's Champions,Win,99.52 - 96.12,99.52 , 96.12,3.4,Poppy's Champions,Poppy's Champions,
The Black Shepherd,2015,5,1,avatar richard,Loss,108.76 - 118.32,108.76,118.32,-9.56,richard,richard,
The Black Shepherd,2015,5,2,avatar Poppy's Champions,Loss,107.66 - 118.76,107.66,118.76,-11.1,Poppy's Champions,Poppy's Champions,
The Black Shepherd,2015,5,3,avatar Milk Man,Loss,103.72 - 139.20,103.72,139.20,-35.48,Milk Man,Milk Man,
The Black Shepherd,2015,5,4,avatar The Wolf of Greek St,Win,92.76 - 83.16,92.76 , 83.16,9.6,The Wolf of Greek St,The Wolf of Greek St,
The Black Shepherd,2015,5,5,avatar The Mighty Albatross,Win,154.90 - 121.54,154.90,121.54,33.36,The Mighty Albatross,The Mighty Albatross,
The Black Shepherd,2015,5,6,avatar GhostingTheLombardi,Win,137.82 - 103.22,137.82,103.22,34.6,GhostingTheLombardi,GhostingTheLombardi,
The Black Shepherd,2015,5,7,avatar Surace,Win,127.14 - 102.40,127.14,102.40,24.74,Surace,Surace,
The Black Shepherd,2015,5,8,avatar richard,Loss,87.64 - 144.34,87.64 ,144.34,-56.7,richard,richard,
The Black Shepherd,2015,5,9,avatar Dune Squad,Loss,70.70 - 95.72,70.70 , 95.72,-25.02,Dune Squad,Dune Squad,
The Black Shepherd,2015,5,10,avatar Commissioner Gordon,Win,121.24 - 72.36,121.24, 72.36,48.88,Commissioner Gordon,Commissioner Gordon,
The Black Shepherd,2015,5,11,avatar Poppy's Champions,Loss,83.72 - 86.78,83.72 , 86.78,-3.06,Poppy's Champions,Poppy's Champions,
The Black Shepherd,2015,5,12,avatar Milk Man,Loss,88.40 - 93.84,88.40 , 93.84,-5.44,Milk Man,Milk Man,
The Black Shepherd,2015,5,13,avatar GhostingTheLombardi,Loss,83.84 - 94.90,83.84 , 94.90,-11.06,GhostingTheLombardi,GhostingTheLombardi,
The Mighty Albatross,2015,5,1,avatar The Wolf of Greek St,Win,139.52 - 72.20,139.52, 72.20,67.32,The Wolf of Greek St,The Wolf of Greek St,
The Mighty Albatross,2015,5,2,avatar Commissioner Gordon,Win,100.38 - 88.90,100.38, 88.90,11.48,Commissioner Gordon,Commissioner Gordon,
The Mighty Albatross,2015,5,3,avatar The People's Champ,Loss,147.74 - 149.88,147.74,149.88,-2.14,The People's Champ,The People's Champ,
The Mighty Albatross,2015,5,4,avatar GhostingTheLombardi,Win,110.38 - 79.34,110.38, 79.34,31.04,GhostingTheLombardi,GhostingTheLombardi,
The Mighty Albatross,2015,5,5,avatar The Black Shepherd,Loss,121.54 - 154.90,121.54,154.90,-33.36,The Black Shepherd,The Black Shepherd,
The Mighty Albatross,2015,5,6,avatar Black Mass,Win,126.94 - 99.70,126.94, 99.70,27.24,Black Mass,Black Mass,
The Mighty Albatross,2015,5,7,avatar Dune Squad,Loss,89.20 - 124.10,89.20 ,124.10,-34.9,Dune Squad,Dune Squad,
The Mighty Albatross,2015,5,8,avatar The Wolf of Greek St,Win,120.66 - 94.62,120.66, 94.62,26.04,The Wolf of Greek St,The Wolf of Greek St,
The Mighty Albatross,2015,5,9,avatar Surace,Win,111.84 - 96.02,111.84, 96.02,15.82,Surace,Surace,
The Mighty Albatross,2015,5,10,avatar richard,Win,127.62 - 82.68,127.62, 82.68,44.94,richard,richard,
The Mighty Albatross,2015,5,11,avatar Commissioner Gordon,Win,113.64 - 103.58,113.64,103.58,10.06,Commissioner Gordon,Commissioner Gordon,
The Mighty Albatross,2015,5,12,avatar The People's Champ,Loss,83.10 - 102.24,83.10 ,102.24,-19.14,The People's Champ,The People's Champ,
The Mighty Albatross,2015,5,13,avatar Black Mass,Win,131.60 - 131.38,131.60,131.38,0.22,Black Mass,Black Mass,
The People's Champ,2015,5,1,avatar Black Mass,Win,89.74 - 86.12,89.74 , 86.12,3.62,Black Mass,Black Mass,
The People's Champ,2015,5,2,avatar The Wolf of Greek St,Loss,110.66 - 130.10,110.66,130.10,-19.44,The Wolf of Greek St,The Wolf of Greek St,
The People's Champ,2015,5,3,avatar The Mighty Albatross,Win,149.88 - 147.74,149.88,147.74,2.14,The Mighty Albatross,The Mighty Albatross,
The People's Champ,2015,5,4,avatar Surace,Loss,75.12 - 75.72,75.12 , 75.72,-0.6,Surace,Surace,
The People's Champ,2015,5,5,avatar richard,Loss,109.88 - 164.82,109.88,164.82,-54.94,richard,richard,
The People's Champ,2015,5,6,avatar Dune Squad,Win,118.44 - 110.08,118.44,110.08,8.36,Dune Squad,Dune Squad,
The People's Champ,2015,5,7,avatar Commissioner Gordon,Win,152.38 - 101.40,152.38,101.40,50.98,Commissioner Gordon,Commissioner Gordon,
The People's Champ,2015,5,8,avatar Black Mass,Loss,93.80 - 127.58,93.80 ,127.58,-33.78,Black Mass,Black Mass,
The People's Champ,2015,5,9,avatar Milk Man,Win,98.66 - 84.08,98.66 , 84.08,14.58,Milk Man,Milk Man,
The People's Champ,2015,5,10,avatar Poppy's Champions,Loss,106.82 - 116.32,106.82,116.32,-9.5,Poppy's Champions,Poppy's Champions,
The People's Champ,2015,5,11,avatar The Wolf of Greek St,Win,121.08 - 104.94,121.08,104.94,16.14,The Wolf of Greek St,The Wolf of Greek St,
The People's Champ,2015,5,12,avatar The Mighty Albatross,Win,102.24 - 83.10,102.24, 83.10,19.14,The Mighty Albatross,The Mighty Albatross,
The People's Champ,2015,5,13,avatar Dune Squad,Loss,124.24 - 130.28,124.24,130.28,-6.04,Dune Squad,Dune Squad,
The Wolf of Greek St,2015,5,1,avatar The Mighty Albatross,Loss,72.20 - 139.52,72.20 ,139.52,-67.32,The Mighty Albatross,The Mighty Albatross,
The Wolf of Greek St,2015,5,2,avatar The People's Champ,Win,130.10 - 110.66,130.10,110.66,19.44,The People's Champ,The People's Champ,
The Wolf of Greek St,2015,5,3,avatar Dune Squad,Win,136.20 - 94.72,136.20, 94.72,41.48,Dune Squad,Dune Squad,
The Wolf of Greek St,2015,5,4,avatar The Black Shepherd,Loss,83.16 - 92.76,83.16 , 92.76,-9.6,The Black Shepherd,The Black Shepherd,
The Wolf of Greek St,2015,5,5,avatar Surace,Loss,91.52 - 116.74,91.52 ,116.74,-25.22,Surace,Surace,
The Wolf of Greek St,2015,5,6,avatar Commissioner Gordon,Win,106.70 - 83.28,106.70, 83.28,23.42,Commissioner Gordon,Commissioner Gordon,
The Wolf of Greek St,2015,5,7,avatar Black Mass,Win,125.38 - 96.34,125.38, 96.34,29.04,Black Mass,Black Mass,
The Wolf of Greek St,2015,5,8,avatar The Mighty Albatross,Loss,94.62 - 120.66,94.62 ,120.66,-26.04,The Mighty Albatross,The Mighty Albatross,
The Wolf of Greek St,2015,5,9,avatar richard,Loss,121.48 - 125.88,121.48,125.88,-4.4,richard,richard,
The Wolf of Greek St,2015,5,10,avatar Milk Man,Win,89.98 - 74.30,89.98 , 74.30,15.68,Milk Man,Milk Man,
The Wolf of Greek St,2015,5,11,avatar The People's Champ,Loss,104.94 - 121.08,104.94,121.08,-16.14,The People's Champ,The People's Champ,
The Wolf of Greek St,2015,5,12,avatar Dune Squad,Loss,120.42 - 130.90,120.42,130.90,-10.48,Dune Squad,Dune Squad,
The Wolf of Greek St,2015,5,13,avatar Commissioner Gordon,Win,99.88 - 86.00,99.88 , 86.00,13.88,Commissioner Gordon,Commissioner Gordon,
Surace,2014,4,1,avatar The Mighty Albatross,Loss,92.22 - 107.98,92.22 ,107.98,-15.76,The Mighty Albatross,The Mighty Albatross,
Surace,2014,4,2,avatar HEAD,Win,122.74 - 98.52,122.74, 98.52,24.22,HEAD,Black Mass,
Surace,2014,4,3,avatar Poppy's Champions,Loss,104.04 - 137.88,104.04,137.88,-33.84,Poppy's Champions,Poppy's Champions,
Surace,2014,4,4,avatar Persian Immortals,Win,121.92 - 110.02,121.92,110.02,11.9,Persian Immortals,The People's Champ,
Surace,2014,4,5,avatar Milk Man,Loss,91.64 - 93.94,91.64 , 93.94,-2.3,Milk Man,Milk Man,
Surace,2014,4,6,avatar The Black Shepherd,Loss,80.14 - 96.68,80.14 , 96.68,-16.54,The Black Shepherd,The Black Shepherd,
Surace,2014,4,7,avatar Dune Squad,Win,104.42 - 92.10,104.42, 92.10,12.32,Dune Squad,Dune Squad,
Surace,2014,4,8,avatar The Mighty Albatross,Win,127.72 - 96.56,127.72, 96.56,31.16,The Mighty Albatross,The Mighty Albatross,
Surace,2014,4,9,avatar The Wolf of Greek St,Loss,111.82 - 120.60,111.82,120.60,-8.78,The Wolf of Greek St,The Wolf of Greek St,
Surace,2014,4,10,avatar Commissioner Gordon,Win,112.76 - 89.68,112.76, 89.68,23.08,Commissioner Gordon,Commissioner Gordon,
Surace,2014,4,11,avatar HEAD,Win,111.22 - 62.78,111.22, 62.78,48.44,HEAD,Black Mass,
Surace,2014,4,12,avatar Poppy's Champions,Loss,98.92 - 115.16,98.92 ,115.16,-16.24,Poppy's Champions,Poppy's Champions,
Surace,2014,4,13,avatar The Black Shepherd,Loss,68.60 - 107.36,68.60 ,107.36,-38.76,The Black Shepherd,The Black Shepherd,
Commisioner Gordan,2014,4,1,avatar The Wolf of Greek St,Loss,92.12 - 106.34,92.12 ,106.34,-14.22,The Wolf of Greek St,The Wolf of Greek St,
Commisioner Gordan,2014,4,2,avatar Milk Man,Loss,68.58 - 83.38,68.58 , 83.38,-14.8,Milk Man,Milk Man,
Commisioner Gordan,2014,4,3,avatar richard,Loss,90.22 - 119.16,90.22 ,119.16,-28.94,richard,richard,
Commisioner Gordan,2014,4,4,avatar Poppy's Champions,Win,125.90 - 86.38,125.90, 86.38,39.52,Poppy's Champions,Poppy's Champions,
Commisioner Gordan,2014,4,5,avatar HEAD,Loss,119.44 - 123.30,119.44,123.30,-3.86,HEAD,Black Mass,
Commisioner Gordan,2014,4,6,avatar Persian Immortals,Loss,95.42 - 112.92,95.42 ,112.92,-17.5,Persian Immortals,The People's Champ,
Commisioner Gordan,2014,4,7,avatar GhostingTheLombardi,Win,132.38 - 124.16,132.38,124.16,8.22,GhostingTheLombardi,GhostingTheLombardi,
Commisioner Gordan,2014,4,8,avatar The Wolf of Greek St,Win,128.24 - 122.46,128.24,122.46,5.78,The Wolf of Greek St,The Wolf of Greek St,
Commisioner Gordan,2014,4,9,avatar The Black Shepherd,Win,132.28 - 95.42,132.28, 95.42,36.86,The Black Shepherd,The Black Shepherd,
Commisioner Gordan,2014,4,10,avatar Surace,Loss,89.68 - 112.76,89.68 ,112.76,-23.08,Surace,Surace,
Commisioner Gordan,2014,4,11,avatar Milk Man,Loss,96.90 - 140.02,96.90 ,140.02,-43.12,Milk Man,Milk Man,
Commisioner Gordan,2014,4,12,avatar richard,Win,146.10 - 80.10,146.10, 80.10,66,richard,richard,
Commisioner Gordan,2014,4,13,avatar Persian Immortals,Win,141.38 - 116.24,141.38,116.24,25.14,Persian Immortals,The People's Champ,
Black Mass,2014,4,1,avatar Poppy's Champions,Loss,75.98 - 95.56,75.98 , 95.56,-19.58,Poppy's Champions,Poppy's Champions,
Black Mass,2014,4,2,avatar Surace,Loss,98.52 - 122.74,98.52 ,122.74,-24.22,Surace,Surace,
Black Mass,2014,4,3,avatar Dune Squad,Loss,87.80 - 94.54,87.80 , 94.54,-6.74,Dune Squad,Dune Squad,
Black Mass,2014,4,4,avatar The Wolf of Greek St,Loss,92.80 - 95.08,92.80 , 95.08,-2.28,The Wolf of Greek St,The Wolf of Greek St,
Black Mass,2014,4,5,avatar Commissioner Gordon,Win,123.30 - 119.44,123.30,119.44,3.86,Commissioner Gordon,Commissioner Gordon,
Black Mass,2014,4,6,avatar The Mighty Albatross,Win,110.06 - 104.80,110.06,104.80,5.26,The Mighty Albatross,The Mighty Albatross,
Black Mass,2014,4,7,avatar The Black Shepherd,Loss,96.30 - 124.22,96.30 ,124.22,-27.92,The Black Shepherd,The Black Shepherd,
Black Mass,2014,4,8,avatar Poppy's Champions,Loss,110.74 - 162.32,110.74,162.32,-51.58,Poppy's Champions,Poppy's Champions,
Black Mass,2014,4,9,avatar richard,Win,102.54 - 94.76,102.54, 94.76,7.78,richard,richard,
Black Mass,2014,4,10,avatar GhostingTheLombardi,Loss,73.94 - 129.66,73.94 ,129.66,-55.72,GhostingTheLombardi,GhostingTheLombardi,
Black Mass,2014,4,11,avatar Surace,Loss,62.78 - 111.22,62.78 ,111.22,-48.44,Surace,Surace,
Black Mass,2014,4,12,avatar Dune Squad,Loss,48.80 - 77.84,48.80 , 77.84,-29.04,Dune Squad,Dune Squad,
Black Mass,2014,4,13,avatar The Mighty Albatross,Loss,56.80 - 101.70,56.80 ,101.70,-44.9,The Mighty Albatross,The Mighty Albatross,
Dune Squad,2014,4,1,avatar The Black Shepherd,Loss,93.20 - 147.64,93.20 ,147.64,-54.44,The Black Shepherd,The Black Shepherd,
Dune Squad,2014,4,2,avatar The Mighty Albatross,Loss,78.88 - 107.14,78.88 ,107.14,-28.26,The Mighty Albatross,The Mighty Albatross,
Dune Squad,2014,4,3,avatar HEAD,Win,94.54 - 87.80,94.54 , 87.80,6.74,HEAD,Black Mass,
Dune Squad,2014,4,4,avatar GhostingTheLombardi,Loss,85.88 - 129.42,85.88 ,129.42,-43.54,GhostingTheLombardi,GhostingTheLombardi,
Dune Squad,2014,4,5,avatar Persian Immortals,Win,100.12 - 57.54,100.12, 57.54,42.58,Persian Immortals,The People's Champ,
Dune Squad,2014,4,6,avatar Poppy's Champions,Loss,110.92 - 120.96,110.92,120.96,-10.04,Poppy's Champions,Poppy's Champions,
Dune Squad,2014,4,7,avatar Surace,Loss,92.10 - 104.42,92.10 ,104.42,-12.32,Surace,Surace,
Dune Squad,2014,4,8,avatar The Black Shepherd,Loss,103.88 - 119.14,103.88,119.14,-15.26,The Black Shepherd,The Black Shepherd,
Dune Squad,2014,4,9,avatar Milk Man,Loss,48.02 - 109.36,48.02 ,109.36,-61.34,Milk Man,Milk Man,
Dune Squad,2014,4,10,avatar The Wolf of Greek St,Loss,87.08 - 106.52,87.08 ,106.52,-19.44,The Wolf of Greek St,The Wolf of Greek St,
Dune Squad,2014,4,11,avatar The Mighty Albatross,Loss,70.32 - 96.48,70.32 , 96.48,-26.16,The Mighty Albatross,The Mighty Albatross,
Dune Squad,2014,4,12,avatar HEAD,Win,77.84 - 48.80,77.84 , 48.80,29.04,HEAD,Black Mass,
Dune Squad,2014,4,13,avatar Poppy's Champions,Win,142.92 - 107.82,142.92,107.82,35.1,Poppy's Champions,Poppy's Champions,
GhostingTheLombardi,2014,4,1,avatar richard,Win,175.50 - 112.96,175.50,112.96,62.54,richard,richard,
GhostingTheLombardi,2014,4,2,avatar Persian Immortals,Loss,77.38 - 138.62,77.38 ,138.62,-61.24,Persian Immortals,The People's Champ,
GhostingTheLombardi,2014,4,3,avatar Milk Man,Win,125.60 - 72.12,125.60, 72.12,53.48,Milk Man,Milk Man,
GhostingTheLombardi,2014,4,4,avatar Dune Squad,Win,129.42 - 85.88,129.42, 85.88,43.54,Dune Squad,Dune Squad,
GhostingTheLombardi,2014,4,5,avatar The Mighty Albatross,Win,130.28 - 86.14,130.28, 86.14,44.14,The Mighty Albatross,The Mighty Albatross,
GhostingTheLombardi,2014,4,6,avatar The Wolf of Greek St,Win,124.10 - 111.80,124.10,111.80,12.3,The Wolf of Greek St,The Wolf of Greek St,
GhostingTheLombardi,2014,4,7,avatar Commissioner Gordon,Loss,124.16 - 132.38,124.16,132.38,-8.22,Commissioner Gordon,Commissioner Gordon,
GhostingTheLombardi,2014,4,8,avatar richard,Loss,148.60 - 165.68,148.60,165.68,-17.08,richard,richard,
GhostingTheLombardi,2014,4,9,avatar Poppy's Champions,Win,101.66 - 92.76,101.66, 92.76,8.9,Poppy's Champions,Poppy's Champions,
GhostingTheLombardi,2014,4,10,avatar HEAD,Win,129.66 - 73.94,129.66, 73.94,55.72,HEAD,Black Mass,
GhostingTheLombardi,2014,4,11,avatar Persian Immortals,Win,116.32 - 107.32,116.32,107.32,9,Persian Immortals,The People's Champ,
GhostingTheLombardi,2014,4,12,avatar Milk Man,Win,108.82 - 78.64,108.82, 78.64,30.18,Milk Man,Milk Man,
GhostingTheLombardi,2014,4,13,avatar The Wolf of Greek St,Win,183.50 - 160.20,183.50,160.20,23.3,The Wolf of Greek St,The Wolf of Greek St,
Milk Man,2014,4,1,avatar Persian Immortals,Loss,94.56 - 113.34,94.56 ,113.34,-18.78,Persian Immortals,The People's Champ,
Milk Man,2014,4,2,avatar Commissioner Gordon,Win,83.38 - 68.58,83.38 , 68.58,14.8,Commissioner Gordon,Commissioner Gordon,
Milk Man,2014,4,3,avatar GhostingTheLombardi,Loss,72.12 - 125.60,72.12 ,125.60,-53.48,GhostingTheLombardi,GhostingTheLombardi,
Milk Man,2014,4,4,avatar The Black Shepherd,Loss,92.72 - 109.02,92.72 ,109.02,-16.3,The Black Shepherd,The Black Shepherd,
Milk Man,2014,4,5,avatar Surace,Win,93.94 - 91.64,93.94 , 91.64,2.3,Surace,Surace,
Milk Man,2014,4,6,avatar richard,Loss,79.04 - 113.14,79.04 ,113.14,-34.1,richard,richard,
Milk Man,2014,4,7,avatar The Wolf of Greek St,Win,111.72 - 89.38,111.72, 89.38,22.34,The Wolf of Greek St,The Wolf of Greek St,
Milk Man,2014,4,8,avatar Persian Immortals,Loss,91.36 - 91.44,91.36 , 91.44,-0.08,Persian Immortals,The People's Champ,
Milk Man,2014,4,9,avatar Dune Squad,Win,109.36 - 48.02,109.36, 48.02,61.34,Dune Squad,Dune Squad,
Milk Man,2014,4,10,avatar The Mighty Albatross,Loss,111.28 - 156.38,111.28,156.38,-45.1,The Mighty Albatross,The Mighty Albatross,
Milk Man,2014,4,11,avatar Commissioner Gordon,Win,140.02 - 96.90,140.02, 96.90,43.12,Commissioner Gordon,Commissioner Gordon,
Milk Man,2014,4,12,avatar GhostingTheLombardi,Loss,78.64 - 108.82,78.64 ,108.82,-30.18,GhostingTheLombardi,GhostingTheLombardi,
Milk Man,2014,4,13,avatar richard,Win,91.04 - 87.10,91.04 , 87.10,3.94,richard,richard,
Poppy's Champions,2014,4,1,avatar HEAD,Win,95.56 - 75.98,95.56 , 75.98,19.58,HEAD,Black Mass,
Poppy's Champions,2014,4,2,avatar The Black Shepherd,Win,119.04 - 98.74,119.04, 98.74,20.3,The Black Shepherd,The Black Shepherd,
Poppy's Champions,2014,4,3,avatar Surace,Win,137.88 - 104.04,137.88,104.04,33.84,Surace,Surace,
Poppy's Champions,2014,4,4,avatar Commissioner Gordon,Loss,86.38 - 125.90,86.38 ,125.90,-39.52,Commissioner Gordon,Commissioner Gordon,
Poppy's Champions,2014,4,5,avatar richard,Win,115.34 - 95.56,115.34, 95.56,19.78,richard,richard,
Poppy's Champions,2014,4,6,avatar Dune Squad,Win,120.96 - 110.92,120.96,110.92,10.04,Dune Squad,Dune Squad,
Poppy's Champions,2014,4,7,avatar The Mighty Albatross,Win,110.90 - 92.34,110.90, 92.34,18.56,The Mighty Albatross,The Mighty Albatross,
Poppy's Champions,2014,4,8,avatar HEAD,Win,162.32 - 110.74,162.32,110.74,51.58,HEAD,Black Mass,
Poppy's Champions,2014,4,9,avatar GhostingTheLombardi,Loss,92.76 - 101.66,92.76 ,101.66,-8.9,GhostingTheLombardi,GhostingTheLombardi,
Poppy's Champions,2014,4,10,avatar Persian Immortals,Win,131.10 - 93.10,131.10, 93.10,38,Persian Immortals,The People's Champ,
Poppy's Champions,2014,4,11,avatar The Black Shepherd,Win,129.24 - 112.96,129.24,112.96,16.28,The Black Shepherd,The Black Shepherd,
Poppy's Champions,2014,4,12,avatar Surace,Win,115.16 - 98.92,115.16, 98.92,16.24,Surace,Surace,
Poppy's Champions,2014,4,13,avatar Dune Squad,Loss,107.82 - 142.92,107.82,142.92,-35.1,Dune Squad,Dune Squad,
Richard,2014,4,1,avatar GhostingTheLombardi,Loss,112.96 - 175.50,112.96,175.50,-62.54,GhostingTheLombardi,GhostingTheLombardi,
Richard,2014,4,2,avatar The Wolf of Greek St,Win,121.36 - 85.16,121.36, 85.16,36.2,The Wolf of Greek St,The Wolf of Greek St,
Richard,2014,4,3,avatar Commissioner Gordon,Win,119.16 - 90.22,119.16, 90.22,28.94,Commissioner Gordon,Commissioner Gordon,
Richard,2014,4,4,avatar The Mighty Albatross,Win,128.24 - 85.64,128.24, 85.64,42.6,The Mighty Albatross,The Mighty Albatross,
Richard,2014,4,5,avatar Poppy's Champions,Loss,95.56 - 115.34,95.56 ,115.34,-19.78,Poppy's Champions,Poppy's Champions,
Richard,2014,4,6,avatar Milk Man,Win,113.14 - 79.04,113.14, 79.04,34.1,Milk Man,Milk Man,
Richard,2014,4,7,avatar Persian Immortals,Loss,85.90 - 115.12,85.90 ,115.12,-29.22,Persian Immortals,The People's Champ,
Richard,2014,4,8,avatar GhostingTheLombardi,Win,165.68 - 148.60,165.68,148.60,17.08,GhostingTheLombardi,GhostingTheLombardi,
Richard,2014,4,9,avatar HEAD,Loss,94.76 - 102.54,94.76 ,102.54,-7.78,HEAD,Black Mass,
Richard,2014,4,10,avatar The Black Shepherd,Loss,111.38 - 147.70,111.38,147.70,-36.32,The Black Shepherd,The Black Shepherd,
Richard,2014,4,11,avatar The Wolf of Greek St,Loss,81.20 - 99.08,81.20 , 99.08,-17.88,The Wolf of Greek St,The Wolf of Greek St,
Richard,2014,4,12,avatar Commissioner Gordon,Loss,80.10 - 146.10,80.10 ,146.10,-66,Commissioner Gordon,Commissioner Gordon,
Richard,2014,4,13,avatar Milk Man,Loss,87.10 - 91.04,87.10 , 91.04,-3.94,Milk Man,Milk Man,
The Black Shepherd,2014,4,1,avatar Dune Squad,Win,147.64 - 93.20,147.64, 93.20,54.44,Dune Squad,Dune Squad,
The Black Shepherd,2014,4,2,avatar Poppy's Champions,Loss,98.74 - 119.04,98.74 ,119.04,-20.3,Poppy's Champions,Poppy's Champions,
The Black Shepherd,2014,4,3,avatar The Mighty Albatross,Loss,61.84 - 101.10,61.84 ,101.10,-39.26,The Mighty Albatross,The Mighty Albatross,
The Black Shepherd,2014,4,4,avatar Milk Man,Win,109.02 - 92.72,109.02, 92.72,16.3,Milk Man,Milk Man,
The Black Shepherd,2014,4,5,avatar The Wolf of Greek St,Win,146.46 - 106.76,146.46,106.76,39.7,The Wolf of Greek St,The Wolf of Greek St,
The Black Shepherd,2014,4,6,avatar Surace,Win,96.68 - 80.14,96.68 , 80.14,16.54,Surace,Surace,
The Black Shepherd,2014,4,7,avatar HEAD,Win,124.22 - 96.30,124.22, 96.30,27.92,HEAD,Black Mass,
The Black Shepherd,2014,4,8,avatar Dune Squad,Win,119.14 - 103.88,119.14,103.88,15.26,Dune Squad,Dune Squad,
The Black Shepherd,2014,4,9,avatar Commissioner Gordon,Loss,95.42 - 132.28,95.42 ,132.28,-36.86,Commissioner Gordon,Commissioner Gordon,
The Black Shepherd,2014,4,10,avatar richard,Win,147.70 - 111.38,147.70,111.38,36.32,richard,richard,
The Black Shepherd,2014,4,11,avatar Poppy's Champions,Loss,112.96 - 129.24,112.96,129.24,-16.28,Poppy's Champions,Poppy's Champions,
The Black Shepherd,2014,4,12,avatar The Mighty Albatross,Win,153.08 - 99.96,153.08, 99.96,53.12,The Mighty Albatross,The Mighty Albatross,
The Black Shepherd,2014,4,13,avatar Surace,Win,107.36 - 68.60,107.36, 68.60,38.76,Surace,Surace,
The Mighty Albatross,2014,4,1,avatar Surace,Win,107.98 - 92.22,107.98, 92.22,15.76,Surace,Surace,
The Mighty Albatross,2014,4,2,avatar Dune Squad,Win,107.14 - 78.88,107.14, 78.88,28.26,Dune Squad,Dune Squad,
The Mighty Albatross,2014,4,3,avatar The Black Shepherd,Win,101.10 - 61.84,101.10, 61.84,39.26,The Black Shepherd,The Black Shepherd,
The Mighty Albatross,2014,4,4,avatar richard,Loss,85.64 - 128.24,85.64 ,128.24,-42.6,richard,richard,
The Mighty Albatross,2014,4,5,avatar GhostingTheLombardi,Loss,86.14 - 130.28,86.14 ,130.28,-44.14,GhostingTheLombardi,GhostingTheLombardi,
The Mighty Albatross,2014,4,6,avatar HEAD,Loss,104.80 - 110.06,104.80,110.06,-5.26,HEAD,Black Mass,
The Mighty Albatross,2014,4,7,avatar Poppy's Champions,Loss,92.34 - 110.90,92.34 ,110.90,-18.56,Poppy's Champions,Poppy's Champions,
The Mighty Albatross,2014,4,8,avatar Surace,Loss,96.56 - 127.72,96.56 ,127.72,-31.16,Surace,Surace,
The Mighty Albatross,2014,4,9,avatar Persian Immortals,Win,147.82 - 94.28,147.82, 94.28,53.54,Persian Immortals,The People's Champ,
The Mighty Albatross,2014,4,10,avatar Milk Man,Win,156.38 - 111.28,156.38,111.28,45.1,Milk Man,Milk Man,
The Mighty Albatross,2014,4,11,avatar Dune Squad,Win,96.48 - 70.32,96.48 , 70.32,26.16,Dune Squad,Dune Squad,
The Mighty Albatross,2014,4,12,avatar The Black Shepherd,Loss,99.96 - 153.08,99.96 ,153.08,-53.12,The Black Shepherd,The Black Shepherd,
The Mighty Albatross,2014,4,13,avatar HEAD,Win,101.70 - 56.80,101.70, 56.80,44.9,HEAD,Black Mass,
The People's Champ,2014,4,1,avatar Milk Man,Win,113.34 - 94.56,113.34, 94.56,18.78,Milk Man,Milk Man,
The People's Champ,2014,4,2,avatar GhostingTheLombardi,Win,138.62 - 77.38,138.62, 77.38,61.24,GhostingTheLombardi,GhostingTheLombardi,
The People's Champ,2014,4,3,avatar The Wolf of Greek St,Loss,75.58 - 115.48,75.58 ,115.48,-39.9,The Wolf of Greek St,The Wolf of Greek St,
The People's Champ,2014,4,4,avatar Surace,Loss,110.02 - 121.92,110.02,121.92,-11.9,Surace,Surace,
The People's Champ,2014,4,5,avatar Dune Squad,Loss,57.54 - 100.12,57.54 ,100.12,-42.58,Dune Squad,Dune Squad,
The People's Champ,2014,4,6,avatar Commissioner Gordon,Win,112.92 - 95.42,112.92, 95.42,17.5,Commissioner Gordon,Commissioner Gordon,
The People's Champ,2014,4,7,avatar richard,Win,115.12 - 85.90,115.12, 85.90,29.22,richard,richard,
The People's Champ,2014,4,8,avatar Milk Man,Win,91.44 - 91.36,91.44 , 91.36,0.08,Milk Man,Milk Man,
The People's Champ,2014,4,9,avatar The Mighty Albatross,Loss,94.28 - 147.82,94.28 ,147.82,-53.54,The Mighty Albatross,The Mighty Albatross,
The People's Champ,2014,4,10,avatar Poppy's Champions,Loss,93.10 - 131.10,93.10 ,131.10,-38,Poppy's Champions,Poppy's Champions,
The People's Champ,2014,4,11,avatar GhostingTheLombardi,Loss,107.32 - 116.32,107.32,116.32,-9,GhostingTheLombardi,GhostingTheLombardi,
The People's Champ,2014,4,12,avatar The Wolf of Greek St,Loss,126.94 - 142.30,126.94,142.30,-15.36,The Wolf of Greek St,The Wolf of Greek St,
The People's Champ,2014,4,13,avatar Commissioner Gordon,Loss,116.24 - 141.38,116.24,141.38,-25.14,Commissioner Gordon,Commissioner Gordon,
The Wolf of Greek St,2014,4,1,avatar Commissioner Gordon,Win,106.34 - 92.12,106.34, 92.12,14.22,Commissioner Gordon,Commissioner Gordon,
The Wolf of Greek St,2014,4,2,avatar richard,Loss,85.16 - 121.36,85.16 ,121.36,-36.2,richard,richard,
The Wolf of Greek St,2014,4,3,avatar Persian Immortals,Win,115.48 - 75.58,115.48, 75.58,39.9,Persian Immortals,The People's Champ,
The Wolf of Greek St,2014,4,4,avatar HEAD,Win,95.08 - 92.80,95.08 , 92.80,2.28,HEAD,Black Mass,
The Wolf of Greek St,2014,4,5,avatar The Black Shepherd,Loss,106.76 - 146.46,106.76,146.46,-39.7,The Black Shepherd,The Black Shepherd,
The Wolf of Greek St,2014,4,6,avatar GhostingTheLombardi,Loss,111.80 - 124.10,111.80,124.10,-12.3,GhostingTheLombardi,GhostingTheLombardi,
The Wolf of Greek St,2014,4,7,avatar Milk Man,Loss,89.38 - 111.72,89.38 ,111.72,-22.34,Milk Man,Milk Man,
The Wolf of Greek St,2014,4,8,avatar Commissioner Gordon,Loss,122.46 - 128.24,122.46,128.24,-5.78,Commissioner Gordon,Commissioner Gordon,
The Wolf of Greek St,2014,4,9,avatar Surace,Win,120.60 - 111.82,120.60,111.82,8.78,Surace,Surace,
The Wolf of Greek St,2014,4,10,avatar Dune Squad,Win,106.52 - 87.08,106.52, 87.08,19.44,Dune Squad,Dune Squad,
The Wolf of Greek St,2014,4,11,avatar richard,Win,99.08 - 81.20,99.08 , 81.20,17.88,richard,richard,
The Wolf of Greek St,2014,4,12,avatar Persian Immortals,Win,142.30 - 126.94,142.30,126.94,15.36,Persian Immortals,The People's Champ,
The Wolf of Greek St,2014,4,13,avatar GhostingTheLombardi,Loss,160.20 - 183.50,160.20,183.50,-23.3,GhostingTheLombardi,GhostingTheLombardi,
Surace,2013,3,1,avatar GhostingTheLombardi,Loss,90.72 - 91.70,90.72 , 91.70,-0.98,GhostingTheLombardi,GhostingTheLombardi,
Surace,2013,3,2,avatar HEAD,Loss,112.04 - 115.02,112.04,115.02,-2.98,HEAD,Black Mass,
Surace,2013,3,3,avatar The Black Shepherd,Win,107.96 - 96.34,107.96, 96.34,11.62,The Black Shepherd,The Black Shepherd,
Surace,2013,3,4,avatar Dune Squad,Loss,88.58 - 154.58,88.58 ,154.58,-66,Dune Squad,Dune Squad,
Surace,2013,3,5,avatar The People's Champ,Win,112.56 - 89.92,112.56, 89.92,22.64,The People's Champ,The People's Champ,
Surace,2013,3,6,avatar Starvin' Marvin,Win,79.88 - 65.10,79.88 , 65.10,14.78,Starvin' Marvin,The Wolf of Greek St,
Surace,2013,3,7,avatar Commissioner Gordon,Loss,95.42 - 156.56,95.42 ,156.56,-61.14,Commissioner Gordon,Commissioner Gordon,
Surace,2013,3,8,avatar GhostingTheLombardi,Loss,110.64 - 112.36,110.64,112.36,-1.72,GhostingTheLombardi,GhostingTheLombardi,
Surace,2013,3,9,avatar The Mighty Albatross,Loss,134.14 - 138.32,134.14,138.32,-4.18,The Mighty Albatross,The Mighty Albatross,
Surace,2013,3,10,avatar poppy's avengers,Loss,69.22 - 94.06,69.22 , 94.06,-24.84,poppy's avengers,Poppy's Champions,
Surace,2013,3,11,avatar HEAD,Win,129.58 - 83.22,129.58, 83.22,46.36,HEAD,Black Mass,
Surace,2013,3,12,avatar The Black Shepherd,Loss,80.92 - 83.18,80.92 , 83.18,-2.26,The Black Shepherd,The Black Shepherd,
Surace,2013,3,13,avatar Starvin' Marvin,Win,129.80 - 81.20,129.80, 81.20,48.6,Starvin' Marvin,The Wolf of Greek St,
Commisioner Gordan,2013,3,1,avatar Starvin' Marvin,Win,98.40 - 97.82,98.40 , 97.82,0.58,Starvin' Marvin,The Wolf of Greek St,
Commisioner Gordan,2013,3,2,avatar The Black Shepherd,Win,108.36 - 73.06,108.36, 73.06,35.3,The Black Shepherd,The Black Shepherd,
Commisioner Gordan,2013,3,3,avatar GhostingTheLombardi,Win,185.22 - 87.58,185.22, 87.58,97.64,GhostingTheLombardi,GhostingTheLombardi,
Commisioner Gordan,2013,3,4,avatar The Mighty Albatross,Win,157.44 - 81.68,157.44, 81.68,75.76,The Mighty Albatross,The Mighty Albatross,
Commisioner Gordan,2013,3,5,avatar poppy's avengers,Loss,97.64 - 102.08,97.64 ,102.08,-4.44,poppy's avengers,Poppy's Champions,
Commisioner Gordan,2013,3,6,avatar HEAD,Loss,101.68 - 109.32,101.68,109.32,-7.64,HEAD,Black Mass,
Commisioner Gordan,2013,3,7,avatar Surace,Win,156.56 - 95.42,156.56, 95.42,61.14,Surace,Surace,
Commisioner Gordan,2013,3,8,avatar Starvin' Marvin,Loss,74.04 - 100.14,74.04 ,100.14,-26.1,Starvin' Marvin,The Wolf of Greek St,
Commisioner Gordan,2013,3,9,avatar Milk Man,Win,134.66 - 66.10,134.66, 66.10,68.56,Milk Man,Milk Man,
Commisioner Gordan,2013,3,10,avatar richard,Loss,106.06 - 138.88,106.06,138.88,-32.82,richard,richard,
Commisioner Gordan,2013,3,11,avatar The Black Shepherd,Win,142.36 - 106.58,142.36,106.58,35.78,The Black Shepherd,The Black Shepherd,
Commisioner Gordan,2013,3,12,avatar GhostingTheLombardi,Win,105.96 - 70.28,105.96, 70.28,35.68,GhostingTheLombardi,GhostingTheLombardi,
Commisioner Gordan,2013,3,13,avatar HEAD,Win,141.72 - 128.12,141.72,128.12,13.6,HEAD,Black Mass,
Black Mass,2013,3,1,avatar The Black Shepherd,Loss,107.18 - 107.96,107.18,107.96,-0.78,The Black Shepherd,The Black Shepherd,
Black Mass,2013,3,2,avatar Surace,Win,115.02 - 112.04,115.02,112.04,2.98,Surace,Surace,
Black Mass,2013,3,3,avatar Starvin' Marvin,Win,109.90 - 99.00,109.90, 99.00,10.9,Starvin' Marvin,The Wolf of Greek St,
Black Mass,2013,3,4,avatar richard,Loss,89.98 - 152.12,89.98 ,152.12,-62.14,richard,richard,
Black Mass,2013,3,5,avatar Dune Squad,Win,105.98 - 73.46,105.98, 73.46,32.52,Dune Squad,Dune Squad,
Black Mass,2013,3,6,avatar Commissioner Gordon,Win,109.32 - 101.68,109.32,101.68,7.64,Commissioner Gordon,Commissioner Gordon,
Black Mass,2013,3,7,avatar GhostingTheLombardi,Loss,78.98 - 99.50,78.98 , 99.50,-20.52,GhostingTheLombardi,GhostingTheLombardi,
Black Mass,2013,3,8,avatar The Black Shepherd,Win,119.92 - 67.60,119.92, 67.60,52.32,The Black Shepherd,The Black Shepherd,
Black Mass,2013,3,9,avatar The People's Champ,Loss,77.16 - 118.82,77.16 ,118.82,-41.66,The People's Champ,The People's Champ,
Black Mass,2013,3,10,avatar The Mighty Albatross,Loss,92.76 - 109.90,92.76 ,109.90,-17.14,The Mighty Albatross,The Mighty Albatross,
Black Mass,2013,3,11,avatar Surace,Loss,83.22 - 129.58,83.22 ,129.58,-46.36,Surace,Surace,
Black Mass,2013,3,12,avatar Starvin' Marvin,Loss,87.06 - 138.56,87.06 ,138.56,-51.5,Starvin' Marvin,The Wolf of Greek St,
Black Mass,2013,3,13,avatar Commissioner Gordon,Loss,128.12 - 141.72,128.12,141.72,-13.6,Commissioner Gordon,Commissioner Gordon,
Dune Squad,2013,3,1,avatar Milk Man,Win,146.26 - 141.62,146.26,141.62,4.64,Milk Man,Milk Man,
Dune Squad,2013,3,2,avatar The People's Champ,Loss,111.70 - 133.38,111.70,133.38,-21.68,The People's Champ,The People's Champ,
Dune Squad,2013,3,3,avatar poppy's avengers,Loss,60.24 - 88.30,60.24 , 88.30,-28.06,poppy's avengers,Poppy's Champions,
Dune Squad,2013,3,4,avatar Surace,Win,154.58 - 88.58,154.58, 88.58,66,Surace,Surace,
Dune Squad,2013,3,5,avatar HEAD,Loss,73.46 - 105.98,73.46 ,105.98,-32.52,HEAD,Black Mass,
Dune Squad,2013,3,6,avatar The Mighty Albatross,Win,88.46 - 77.00,88.46 , 77.00,11.46,The Mighty Albatross,The Mighty Albatross,
Dune Squad,2013,3,7,avatar richard,Win,110.62 - 53.50,110.62, 53.50,57.12,richard,richard,
Dune Squad,2013,3,8,avatar Milk Man,Win,124.28 - 98.26,124.28, 98.26,26.02,Milk Man,Milk Man,
Dune Squad,2013,3,9,avatar The Black Shepherd,Win,96.42 - 96.38,96.42 , 96.38,0.04,The Black Shepherd,The Black Shepherd,
Dune Squad,2013,3,10,avatar Starvin' Marvin,Win,144.64 - 96.62,144.64, 96.62,48.02,Starvin' Marvin,The Wolf of Greek St,
Dune Squad,2013,3,11,avatar The People's Champ,Loss,125.46 - 134.98,125.46,134.98,-9.52,The People's Champ,The People's Champ,
Dune Squad,2013,3,12,avatar poppy's avengers,Win,128.52 - 119.86,128.52,119.86,8.66,poppy's avengers,Poppy's Champions,
Dune Squad,2013,3,13,avatar The Mighty Albatross,Win,141.38 - 110.10,141.38,110.10,31.28,The Mighty Albatross,The Mighty Albatross,
GhostingTheLombardi,2013,3,1,avatar Surace,Win,91.70 - 90.72,91.70 , 90.72,0.98,Surace,Surace,
GhostingTheLombardi,2013,3,2,avatar Starvin' Marvin,Loss,93.18 - 98.32,93.18 , 98.32,-5.14,Starvin' Marvin,The Wolf of Greek St,
GhostingTheLombardi,2013,3,3,avatar Commissioner Gordon,Loss,87.58 - 185.22,87.58 ,185.22,-97.64,Commissioner Gordon,Commissioner Gordon,
GhostingTheLombardi,2013,3,4,avatar The People's Champ,Win,116.62 - 114.48,116.62,114.48,2.14,The People's Champ,The People's Champ,
GhostingTheLombardi,2013,3,5,avatar The Mighty Albatross,Win,147.44 - 114.86,147.44,114.86,32.58,The Mighty Albatross,The Mighty Albatross,
GhostingTheLombardi,2013,3,6,avatar The Black Shepherd,Win,146.78 - 99.02,146.78, 99.02,47.76,The Black Shepherd,The Black Shepherd,
GhostingTheLombardi,2013,3,7,avatar HEAD,Win,99.50 - 78.98,99.50 , 78.98,20.52,HEAD,Black Mass,
GhostingTheLombardi,2013,3,8,avatar Surace,Win,112.36 - 110.64,112.36,110.64,1.72,Surace,Surace,
GhostingTheLombardi,2013,3,9,avatar poppy's avengers,Loss,78.08 - 160.28,78.08 ,160.28,-82.2,poppy's avengers,Poppy's Champions,
GhostingTheLombardi,2013,3,10,avatar Milk Man,Win,89.78 - 86.50,89.78 , 86.50,3.28,Milk Man,Milk Man,
GhostingTheLombardi,2013,3,11,avatar Starvin' Marvin,Loss,80.86 - 89.30,80.86 , 89.30,-8.44,Starvin' Marvin,The Wolf of Greek St,
GhostingTheLombardi,2013,3,12,avatar Commissioner Gordon,Loss,70.28 - 105.96,70.28 ,105.96,-35.68,Commissioner Gordon,Commissioner Gordon,
GhostingTheLombardi,2013,3,13,avatar The Black Shepherd,Loss,88.20 - 107.50,88.20 ,107.50,-19.3,The Black Shepherd,The Black Shepherd,
Milk Man,2013,3,1,avatar Dune Squad,Loss,141.62 - 146.26,141.62,146.26,-4.64,Dune Squad,Dune Squad,
Milk Man,2013,3,2,avatar The Mighty Albatross,Win,134.30 - 81.88,134.30, 81.88,52.42,The Mighty Albatross,The Mighty Albatross,
Milk Man,2013,3,3,avatar The People's Champ,Win,92.10 - 66.80,92.10 , 66.80,25.3,The People's Champ,The People's Champ,
Milk Man,2013,3,4,avatar The Black Shepherd,Loss,115.34 - 130.94,115.34,130.94,-15.6,The Black Shepherd,The Black Shepherd,
Milk Man,2013,3,5,avatar Starvin' Marvin,Loss,90.56 - 160.34,90.56 ,160.34,-69.78,Starvin' Marvin,The Wolf of Greek St,
Milk Man,2013,3,6,avatar richard,Loss,59.00 - 86.54,59.00 , 86.54,-27.54,richard,richard,
Milk Man,2013,3,7,avatar poppy's avengers,Loss,75.60 - 85.32,75.60 , 85.32,-9.72,poppy's avengers,Poppy's Champions,
Milk Man,2013,3,8,avatar Dune Squad,Loss,98.26 - 124.28,98.26 ,124.28,-26.02,Dune Squad,Dune Squad,
Milk Man,2013,3,9,avatar Commissioner Gordon,Loss,66.10 - 134.66,66.10 ,134.66,-68.56,Commissioner Gordon,Commissioner Gordon,
Milk Man,2013,3,10,avatar GhostingTheLombardi,Loss,86.50 - 89.78,86.50 , 89.78,-3.28,GhostingTheLombardi,GhostingTheLombardi,
Milk Man,2013,3,11,avatar The Mighty Albatross,Win,95.92 - 88.70,95.92 , 88.70,7.22,The Mighty Albatross,The Mighty Albatross,
Milk Man,2013,3,12,avatar The People's Champ,Loss,67.10 - 91.30,67.10 , 91.30,-24.2,The People's Champ,The People's Champ,
Milk Man,2013,3,13,avatar richard,Win,96.92 - 93.68,96.92 , 93.68,3.24,richard,richard,
Poppy's Champions,2013,3,1,avatar The Mighty Albatross,Loss,136.82 - 179.68,136.82,179.68,-42.86,The Mighty Albatross,The Mighty Albatross,
Poppy's Champions,2013,3,2,avatar richard,Loss,103.70 - 142.58,103.70,142.58,-38.88,richard,richard,
Poppy's Champions,2013,3,3,avatar Dune Squad,Win,88.30 - 60.24,88.30 , 60.24,28.06,Dune Squad,Dune Squad,
Poppy's Champions,2013,3,4,avatar Starvin' Marvin,Win,106.84 - 98.34,106.84, 98.34,8.5,Starvin' Marvin,The Wolf of Greek St,
Poppy's Champions,2013,3,5,avatar Commissioner Gordon,Win,102.08 - 97.64,102.08, 97.64,4.44,Commissioner Gordon,Commissioner Gordon,
Poppy's Champions,2013,3,6,avatar The People's Champ,Loss,130.78 - 151.28,130.78,151.28,-20.5,The People's Champ,The People's Champ,
Poppy's Champions,2013,3,7,avatar Milk Man,Win,85.32 - 75.60,85.32 , 75.60,9.72,Milk Man,Milk Man,
Poppy's Champions,2013,3,8,avatar The Mighty Albatross,Loss,69.44 - 144.64,69.44 ,144.64,-75.2,The Mighty Albatross,The Mighty Albatross,
Poppy's Champions,2013,3,9,avatar GhostingTheLombardi,Win,160.28 - 78.08,160.28, 78.08,82.2,GhostingTheLombardi,GhostingTheLombardi,
Poppy's Champions,2013,3,10,avatar Surace,Win,94.06 - 69.22,94.06 , 69.22,24.84,Surace,Surace,
Poppy's Champions,2013,3,11,avatar richard,Win,121.14 - 81.90,121.14, 81.90,39.24,richard,richard,
Poppy's Champions,2013,3,12,avatar Dune Squad,Loss,119.86 - 128.52,119.86,128.52,-8.66,Dune Squad,Dune Squad,
Poppy's Champions,2013,3,13,avatar The People's Champ,Win,129.44 - 124.10,129.44,124.10,5.34,The People's Champ,The People's Champ,
Richard,2013,3,1,avatar The People's Champ,Win,125.58 - 103.88,125.58,103.88,21.7,The People's Champ,The People's Champ,
Richard,2013,3,2,avatar poppy's avengers,Win,142.58 - 103.70,142.58,103.70,38.88,poppy's avengers,Poppy's Champions,
Richard,2013,3,3,avatar The Mighty Albatross,Win,139.38 - 74.56,139.38, 74.56,64.82,The Mighty Albatross,The Mighty Albatross,
Richard,2013,3,4,avatar HEAD,Win,152.12 - 89.98,152.12, 89.98,62.14,HEAD,Black Mass,
Richard,2013,3,5,avatar The Black Shepherd,Loss,109.72 - 153.96,109.72,153.96,-44.24,The Black Shepherd,The Black Shepherd,
Richard,2013,3,6,avatar Milk Man,Win,86.54 - 59.00,86.54 , 59.00,27.54,Milk Man,Milk Man,
Richard,2013,3,7,avatar Dune Squad,Loss,53.50 - 110.62,53.50 ,110.62,-57.12,Dune Squad,Dune Squad,
Richard,2013,3,8,avatar The People's Champ,Loss,115.28 - 132.16,115.28,132.16,-16.88,The People's Champ,The People's Champ,
Richard,2013,3,9,avatar Starvin' Marvin,Win,139.48 - 92.28,139.48, 92.28,47.2,Starvin' Marvin,The Wolf of Greek St,
Richard,2013,3,10,avatar Commissioner Gordon,Win,138.88 - 106.06,138.88,106.06,32.82,Commissioner Gordon,Commissioner Gordon,
Richard,2013,3,11,avatar poppy's avengers,Loss,81.90 - 121.14,81.90 ,121.14,-39.24,poppy's avengers,Poppy's Champions,
Richard,2013,3,12,avatar The Mighty Albatross,Loss,101.82 - 110.36,101.82,110.36,-8.54,The Mighty Albatross,The Mighty Albatross,
Richard,2013,3,13,avatar Milk Man,Loss,93.68 - 96.92,93.68 , 96.92,-3.24,Milk Man,Milk Man,
The Black Shepherd,2013,3,1,avatar HEAD,Win,107.96 - 107.18,107.96,107.18,0.78,HEAD,Black Mass,
The Black Shepherd,2013,3,2,avatar Commissioner Gordon,Loss,73.06 - 108.36,73.06 ,108.36,-35.3,Commissioner Gordon,Commissioner Gordon,
The Black Shepherd,2013,3,3,avatar Surace,Loss,96.34 - 107.96,96.34 ,107.96,-11.62,Surace,Surace,
The Black Shepherd,2013,3,4,avatar Milk Man,Win,130.94 - 115.34,130.94,115.34,15.6,Milk Man,Milk Man,
The Black Shepherd,2013,3,5,avatar richard,Win,153.96 - 109.72,153.96,109.72,44.24,richard,richard,
The Black Shepherd,2013,3,6,avatar GhostingTheLombardi,Loss,99.02 - 146.78,99.02 ,146.78,-47.76,GhostingTheLombardi,GhostingTheLombardi,
The Black Shepherd,2013,3,7,avatar Starvin' Marvin,Win,102.34 - 93.48,102.34, 93.48,8.86,Starvin' Marvin,The Wolf of Greek St,
The Black Shepherd,2013,3,8,avatar HEAD,Loss,67.60 - 119.92,67.60 ,119.92,-52.32,HEAD,Black Mass,
The Black Shepherd,2013,3,9,avatar Dune Squad,Loss,96.38 - 96.42,96.38 , 96.42,-0.04,Dune Squad,Dune Squad,
The Black Shepherd,2013,3,10,avatar The People's Champ,Win,124.06 - 64.62,124.06, 64.62,59.44,The People's Champ,The People's Champ,
The Black Shepherd,2013,3,11,avatar Commissioner Gordon,Loss,106.58 - 142.36,106.58,142.36,-35.78,Commissioner Gordon,Commissioner Gordon,
The Black Shepherd,2013,3,12,avatar Surace,Win,83.18 - 80.92,83.18 , 80.92,2.26,Surace,Surace,
The Black Shepherd,2013,3,13,avatar GhostingTheLombardi,Win,107.50 - 88.20,107.50, 88.20,19.3,GhostingTheLombardi,GhostingTheLombardi,
The Mighty Albatross,2013,3,1,avatar poppy's avengers,Win,179.68 - 136.82,179.68,136.82,42.86,poppy's avengers,Poppy's Champions,
The Mighty Albatross,2013,3,2,avatar Milk Man,Loss,81.88 - 134.30,81.88 ,134.30,-52.42,Milk Man,Milk Man,
The Mighty Albatross,2013,3,3,avatar richard,Loss,74.56 - 139.38,74.56 ,139.38,-64.82,richard,richard,
The Mighty Albatross,2013,3,4,avatar Commissioner Gordon,Loss,81.68 - 157.44,81.68 ,157.44,-75.76,Commissioner Gordon,Commissioner Gordon,
The Mighty Albatross,2013,3,5,avatar GhostingTheLombardi,Loss,114.86 - 147.44,114.86,147.44,-32.58,GhostingTheLombardi,GhostingTheLombardi,
The Mighty Albatross,2013,3,6,avatar Dune Squad,Loss,77.00 - 88.46,77.00 , 88.46,-11.46,Dune Squad,Dune Squad,
The Mighty Albatross,2013,3,7,avatar The People's Champ,Win,128.90 - 116.56,128.90,116.56,12.34,The People's Champ,The People's Champ,
The Mighty Albatross,2013,3,8,avatar poppy's avengers,Win,144.64 - 69.44,144.64, 69.44,75.2,poppy's avengers,Poppy's Champions,
The Mighty Albatross,2013,3,9,avatar Surace,Win,138.32 - 134.14,138.32,134.14,4.18,Surace,Surace,
The Mighty Albatross,2013,3,10,avatar HEAD,Win,109.90 - 92.76,109.90, 92.76,17.14,HEAD,Black Mass,
The Mighty Albatross,2013,3,11,avatar Milk Man,Loss,88.70 - 95.92,88.70 , 95.92,-7.22,Milk Man,Milk Man,
The Mighty Albatross,2013,3,12,avatar richard,Win,110.36 - 101.82,110.36,101.82,8.54,richard,richard,
The Mighty Albatross,2013,3,13,avatar Dune Squad,Loss,110.10 - 141.38,110.10,141.38,-31.28,Dune Squad,Dune Squad,
The People's Champ,2013,3,1,avatar richard,Loss,103.88 - 125.58,103.88,125.58,-21.7,richard,richard,
The People's Champ,2013,3,2,avatar Dune Squad,Win,133.38 - 111.70,133.38,111.70,21.68,Dune Squad,Dune Squad,
The People's Champ,2013,3,3,avatar Milk Man,Loss,66.80 - 92.10,66.80 , 92.10,-25.3,Milk Man,Milk Man,
The People's Champ,2013,3,4,avatar GhostingTheLombardi,Loss,114.48 - 116.62,114.48,116.62,-2.14,GhostingTheLombardi,GhostingTheLombardi,
The People's Champ,2013,3,5,avatar Surace,Loss,89.92 - 112.56,89.92 ,112.56,-22.64,Surace,Surace,
The People's Champ,2013,3,6,avatar poppy's avengers,Win,151.28 - 130.78,151.28,130.78,20.5,poppy's avengers,Poppy's Champions,
The People's Champ,2013,3,7,avatar The Mighty Albatross,Loss,116.56 - 128.90,116.56,128.90,-12.34,The Mighty Albatross,The Mighty Albatross,
The People's Champ,2013,3,8,avatar richard,Win,132.16 - 115.28,132.16,115.28,16.88,richard,richard,
The People's Champ,2013,3,9,avatar HEAD,Win,118.82 - 77.16,118.82, 77.16,41.66,HEAD,Black Mass,
The People's Champ,2013,3,10,avatar The Black Shepherd,Loss,64.62 - 124.06,64.62 ,124.06,-59.44,The Black Shepherd,The Black Shepherd,
The People's Champ,2013,3,11,avatar Dune Squad,Win,134.98 - 125.46,134.98,125.46,9.52,Dune Squad,Dune Squad,
The People's Champ,2013,3,12,avatar Milk Man,Win,91.30 - 67.10,91.30 , 67.10,24.2,Milk Man,Milk Man,
The People's Champ,2013,3,13,avatar poppy's avengers,Loss,124.10 - 129.44,124.10,129.44,-5.34,poppy's avengers,Poppy's Champions,
The Wolf of Greek St,2013,3,1,avatar Commissioner Gordon,Loss,97.82 - 98.40,97.82 , 98.40,-0.58,Commissioner Gordon,Commissioner Gordon,
The Wolf of Greek St,2013,3,2,avatar GhostingTheLombardi,Win,98.32 - 93.18,98.32 , 93.18,5.14,GhostingTheLombardi,GhostingTheLombardi,
The Wolf of Greek St,2013,3,3,avatar HEAD,Loss,99.00 - 109.90,99.00 ,109.90,-10.9,HEAD,Black Mass,
The Wolf of Greek St,2013,3,4,avatar poppy's avengers,Loss,98.34 - 106.84,98.34 ,106.84,-8.5,poppy's avengers,Poppy's Champions,
The Wolf of Greek St,2013,3,5,avatar Milk Man,Win,160.34 - 90.56,160.34, 90.56,69.78,Milk Man,Milk Man,
The Wolf of Greek St,2013,3,6,avatar Surace,Loss,65.10 - 79.88,65.10 , 79.88,-14.78,Surace,Surace,
The Wolf of Greek St,2013,3,7,avatar The Black Shepherd,Loss,93.48 - 102.34,93.48 ,102.34,-8.86,The Black Shepherd,The Black Shepherd,
The Wolf of Greek St,2013,3,8,avatar Commissioner Gordon,Win,100.14 - 74.04,100.14, 74.04,26.1,Commissioner Gordon,Commissioner Gordon,
The Wolf of Greek St,2013,3,9,avatar richard,Loss,92.28 - 139.48,92.28 ,139.48,-47.2,richard,richard,
The Wolf of Greek St,2013,3,10,avatar Dune Squad,Loss,96.62 - 144.64,96.62 ,144.64,-48.02,Dune Squad,Dune Squad,
The Wolf of Greek St,2013,3,11,avatar GhostingTheLombardi,Win,89.30 - 80.86,89.30 , 80.86,8.44,GhostingTheLombardi,GhostingTheLombardi,
The Wolf of Greek St,2013,3,12,avatar HEAD,Win,138.56 - 87.06,138.56, 87.06,51.5,HEAD,Black Mass,
The Wolf of Greek St,2013,3,13,avatar Surace,Loss,81.20 - 129.80,81.20 ,129.80,-48.6,Surace,Surace,
Surace,2012,2,1,avatar f.ftball antichrists,Win,142.42 - 125.16,142.42,125.16,17.26,f.ftball antichrists,Poppy's Champions,
Surace,2012,2,2,avatar The Mighty Albatross,Loss,92.92 - 122.84,92.92 ,122.84,-29.92,The Mighty Albatross,The Mighty Albatross,
Surace,2012,2,3,avatar richard,Loss,97.68 - 115.02,97.68 ,115.02,-17.34,richard,richard,
Surace,2012,2,4,avatar Foxecutioners,Loss,100.40 - 138.08,100.40,138.08,-37.68,Foxecutioners,The People's Champ,
Surace,2012,2,5,avatar Falco's Finest,Win,141.74 - 103.04,141.74,103.04,38.7,Falco's Finest,The Wolf of Greek St,
Surace,2012,2,6,avatar GhostingTheLombardi,Loss,106.22 - 138.74,106.22,138.74,-32.52,GhostingTheLombardi,GhostingTheLombardi,
Surace,2012,2,7,avatar The Black Shepherd,Win,111.42 - 74.30,111.42, 74.30,37.12,The Black Shepherd,The Black Shepherd,
Surace,2012,2,8,avatar f.ftball antichrists,Loss,98.78 - 105.72,98.78 ,105.72,-6.94,f.ftball antichrists,Poppy's Champions,
Surace,2012,2,9,avatar Expired Milk,Win,131.08 - 100.42,131.08,100.42,30.66,Expired Milk,Milk Man,
Surace,2012,2,10,avatar HEAD,Win,148.20 - 87.90,148.20, 87.90,60.3,HEAD,Black Mass,
Surace,2012,2,11,avatar The Mighty Albatross,Win,110.02 - 71.06,110.02, 71.06,38.96,The Mighty Albatross,The Mighty Albatross,
Surace,2012,2,12,avatar richard,Win,111.64 - 110.42,111.64,110.42,1.22,richard,richard,
Surace,2012,2,13,avatar GhostingTheLombardi,Win,155.18 - 82.64,155.18, 82.64,72.54,GhostingTheLombardi,GhostingTheLombardi,
Commisioner Gordan,2012,2,1,avatar Comeback Kids,Win,111.12 - 97.04,111.12, 97.04,14.08,Comeback Kids,Dune Squad,
Commisioner Gordan,2012,2,2,avatar HEAD,Win,111.84 - 102.40,111.84,102.40,9.44,HEAD,Black Mass,
Commisioner Gordan,2012,2,3,avatar Foxecutioners,Loss,82.50 - 85.22,82.50 , 85.22,-2.72,Foxecutioners,The People's Champ,
Commisioner Gordan,2012,2,4,avatar The Black Shepherd,Loss,115.80 - 137.76,115.80,137.76,-21.96,The Black Shepherd,The Black Shepherd,
Commisioner Gordan,2012,2,5,avatar GhostingTheLombardi,Win,112.42 - 89.00,112.42, 89.00,23.42,GhostingTheLombardi,GhostingTheLombardi,
Commisioner Gordan,2012,2,6,avatar Expired Milk,Win,95.40 - 76.66,95.40 , 76.66,18.74,Expired Milk,Milk Man,
Commisioner Gordan,2012,2,7,avatar Falco's Finest,Loss,80.86 - 109.32,80.86 ,109.32,-28.46,Falco's Finest,The Wolf of Greek St,
Commisioner Gordan,2012,2,8,avatar Comeback Kids,Loss,87.44 - 103.48,87.44 ,103.48,-16.04,Comeback Kids,Dune Squad,
Commisioner Gordan,2012,2,9,avatar richard,Loss,93.22 - 102.48,93.22 ,102.48,-9.26,richard,richard,
Commisioner Gordan,2012,2,10,avatar f.ftball antichrists,Loss,79.10 - 143.42,79.10 ,143.42,-64.32,f.ftball antichrists,Poppy's Champions,
Commisioner Gordan,2012,2,11,avatar HEAD,Win,74.82 - 66.30,74.82 , 66.30,8.52,HEAD,Black Mass,
Commisioner Gordan,2012,2,12,avatar Foxecutioners,Loss,142.44 - 146.04,142.44,146.04,-3.6,Foxecutioners,The People's Champ,
Commisioner Gordan,2012,2,13,avatar Expired Milk,Win,116.22 - 103.74,116.22,103.74,12.48,Expired Milk,Milk Man,
Black Mass,2012,2,1,avatar Expired Milk,Loss,99.42 - 117.96,99.42 ,117.96,-18.54,Expired Milk,Milk Man,
Black Mass,2012,2,2,avatar Team Remi,Loss,102.40 - 111.84,102.40,111.84,-9.44,Team Remi,Commissioner Gordon,
Black Mass,2012,2,3,avatar Falco's Finest,Win,116.32 - 88.64,116.32, 88.64,27.68,Falco's Finest,The Wolf of Greek St,
Black Mass,2012,2,4,avatar richard,Win,108.46 - 106.56,108.46,106.56,1.9,richard,richard,
Black Mass,2012,2,5,avatar f.ftball antichrists,Win,121.56 - 120.80,121.56,120.80,0.76,f.ftball antichrists,Poppy's Champions,
Black Mass,2012,2,6,avatar Foxecutioners,Loss,84.62 - 110.14,84.62 ,110.14,-25.52,Foxecutioners,The People's Champ,
Black Mass,2012,2,7,avatar Comeback Kids,Win,112.28 - 103.44,112.28,103.44,8.84,Comeback Kids,Dune Squad,
Black Mass,2012,2,8,avatar Expired Milk,Loss,69.98 - 98.86,69.98 , 98.86,-28.88,Expired Milk,Milk Man,
Black Mass,2012,2,9,avatar The Mighty Albatross,Win,107.60 - 65.24,107.60, 65.24,42.36,The Mighty Albatross,The Mighty Albatross,
Black Mass,2012,2,10,avatar Surace,Loss,87.90 - 148.20,87.90 ,148.20,-60.3,Surace,Surace,
Black Mass,2012,2,11,avatar Team Remi,Loss,66.30 - 74.82,66.30 , 74.82,-8.52,Team Remi,Commissioner Gordon,
Black Mass,2012,2,12,avatar Falco's Finest,Win,114.90 - 83.06,114.90, 83.06,31.84,Falco's Finest,The Wolf of Greek St,
Black Mass,2012,2,13,avatar Foxecutioners,Loss,103.68 - 119.12,103.68,119.12,-15.44,Foxecutioners,The People's Champ,
Dune Squad,2012,2,1,avatar Team Remi,Loss,97.04 - 111.12,97.04 ,111.12,-14.08,Team Remi,Commissioner Gordon,
Dune Squad,2012,2,2,avatar Foxecutioners,Loss,103.64 - 117.54,103.64,117.54,-13.9,Foxecutioners,The People's Champ,
Dune Squad,2012,2,3,avatar Expired Milk,Win,129.02 - 123.90,129.02,123.90,5.12,Expired Milk,Milk Man,
Dune Squad,2012,2,4,avatar GhostingTheLombardi,Loss,95.86 - 111.34,95.86 ,111.34,-15.48,GhostingTheLombardi,GhostingTheLombardi,
Dune Squad,2012,2,5,avatar richard,Loss,104.48 - 112.90,104.48,112.90,-8.42,richard,richard,
Dune Squad,2012,2,6,avatar Falco's Finest,Win,122.00 - 87.28,122.00, 87.28,34.72,Falco's Finest,The Wolf of Greek St,
Dune Squad,2012,2,7,avatar HEAD,Loss,103.44 - 112.28,103.44,112.28,-8.84,HEAD,Black Mass,
Dune Squad,2012,2,8,avatar Team Remi,Win,103.48 - 87.44,103.48, 87.44,16.04,Team Remi,Commissioner Gordon,
Dune Squad,2012,2,9,avatar f.ftball antichrists,Loss,138.62 - 141.26,138.62,141.26,-2.64,f.ftball antichrists,Poppy's Champions,
Dune Squad,2012,2,10,avatar The Mighty Albatross,Win,109.68 - 100.44,109.68,100.44,9.24,The Mighty Albatross,The Mighty Albatross,
Dune Squad,2012,2,11,avatar Foxecutioners,Loss,89.36 - 126.44,89.36 ,126.44,-37.08,Foxecutioners,The People's Champ,
Dune Squad,2012,2,12,avatar Expired Milk,Win,117.50 - 67.34,117.50, 67.34,50.16,Expired Milk,Milk Man,
Dune Squad,2012,2,13,avatar Falco's Finest,Loss,113.14 - 121.42,113.14,121.42,-8.28,Falco's Finest,The Wolf of Greek St,
GhostingTheLombardi,2012,2,1,avatar The Black Shepherd,Win,128.48 - 92.90,128.48, 92.90,35.58,The Black Shepherd,The Black Shepherd,
GhostingTheLombardi,2012,2,2,avatar f.ftball antichrists,Win,139.04 - 104.90,139.04,104.90,34.14,f.ftball antichrists,Poppy's Champions,
GhostingTheLombardi,2012,2,3,avatar The Mighty Albatross,Loss,88.48 - 121.00,88.48 ,121.00,-32.52,The Mighty Albatross,The Mighty Albatross,
GhostingTheLombardi,2012,2,4,avatar Comeback Kids,Win,111.34 - 95.86,111.34, 95.86,15.48,Comeback Kids,Dune Squad,
GhostingTheLombardi,2012,2,5,avatar Team Remi,Loss,89.00 - 112.42,89.00 ,112.42,-23.42,Team Remi,Commissioner Gordon,
GhostingTheLombardi,2012,2,6,avatar Surace,Win,138.74 - 106.22,138.74,106.22,32.52,Surace,Surace,
GhostingTheLombardi,2012,2,7,avatar richard,Win,92.62 - 78.18,92.62 , 78.18,14.44,richard,richard,
GhostingTheLombardi,2012,2,8,avatar The Black Shepherd,Win,119.54 - 108.96,119.54,108.96,10.58,The Black Shepherd,The Black Shepherd,
GhostingTheLombardi,2012,2,9,avatar Foxecutioners,Win,138.48 - 119.20,138.48,119.20,19.28,Foxecutioners,The People's Champ,
GhostingTheLombardi,2012,2,10,avatar Falco's Finest,Win,138.96 - 94.56,138.96, 94.56,44.4,Falco's Finest,The Wolf of Greek St,
GhostingTheLombardi,2012,2,11,avatar f.ftball antichrists,Loss,87.04 - 127.36,87.04 ,127.36,-40.32,f.ftball antichrists,Poppy's Champions,
GhostingTheLombardi,2012,2,12,avatar The Mighty Albatross,Loss,87.16 - 106.76,87.16 ,106.76,-19.6,The Mighty Albatross,The Mighty Albatross,
GhostingTheLombardi,2012,2,13,avatar Surace,Loss,82.64 - 155.18,82.64 ,155.18,-72.54,Surace,Surace,
Milk Man,2012,2,1,avatar HEAD,Win,117.96 - 99.42,117.96, 99.42,18.54,HEAD,Black Mass,
Milk Man,2012,2,2,avatar Falco's Finest,Win,125.96 - 94.54,125.96, 94.54,31.42,Falco's Finest,The Wolf of Greek St,
Milk Man,2012,2,3,avatar Comeback Kids,Loss,123.90 - 129.02,123.90,129.02,-5.12,Comeback Kids,Dune Squad,
Milk Man,2012,2,4,avatar f.ftball antichrists,Loss,102.76 - 116.24,102.76,116.24,-13.48,f.ftball antichrists,Poppy's Champions,
Milk Man,2012,2,5,avatar The Mighty Albatross,Loss,100.40 - 128.78,100.40,128.78,-28.38,The Mighty Albatross,The Mighty Albatross,
Milk Man,2012,2,6,avatar Team Remi,Loss,76.66 - 95.40,76.66 , 95.40,-18.74,Team Remi,Commissioner Gordon,
Milk Man,2012,2,7,avatar Foxecutioners,Loss,57.64 - 145.98,57.64 ,145.98,-88.34,Foxecutioners,The People's Champ,
Milk Man,2012,2,8,avatar HEAD,Win,98.86 - 69.98,98.86 , 69.98,28.88,HEAD,Black Mass,
Milk Man,2012,2,9,avatar Surace,Loss,100.42 - 131.08,100.42,131.08,-30.66,Surace,Surace,
Milk Man,2012,2,10,avatar The Black Shepherd,Loss,81.02 - 89.48,81.02 , 89.48,-8.46,The Black Shepherd,The Black Shepherd,
Milk Man,2012,2,11,avatar Falco's Finest,Loss,99.98 - 100.10,99.98 ,100.10,-0.12,Falco's Finest,The Wolf of Greek St,
Milk Man,2012,2,12,avatar Comeback Kids,Loss,67.34 - 117.50,67.34 ,117.50,-50.16,Comeback Kids,Dune Squad,
Milk Man,2012,2,13,avatar Team Remi,Loss,103.74 - 116.22,103.74,116.22,-12.48,Team Remi,Commissioner Gordon,
Poppy's Champions,2012,2,1,avatar Surace,Loss,125.16 - 142.42,125.16,142.42,-17.26,Surace,Surace,
Poppy's Champions,2012,2,2,avatar GhostingTheLombardi,Loss,104.90 - 139.04,104.90,139.04,-34.14,GhostingTheLombardi,GhostingTheLombardi,
Poppy's Champions,2012,2,3,avatar The Black Shepherd,Win,105.00 - 87.92,105.00, 87.92,17.08,The Black Shepherd,The Black Shepherd,
Poppy's Champions,2012,2,4,avatar Expired Milk,Win,116.24 - 102.76,116.24,102.76,13.48,Expired Milk,Milk Man,
Poppy's Champions,2012,2,5,avatar HEAD,Loss,120.80 - 121.56,120.80,121.56,-0.76,HEAD,Black Mass,
Poppy's Champions,2012,2,6,avatar richard,Loss,95.56 - 132.72,95.56 ,132.72,-37.16,richard,richard,
Poppy's Champions,2012,2,7,avatar The Mighty Albatross,Win,143.48 - 81.00,143.48, 81.00,62.48,The Mighty Albatross,The Mighty Albatross,
Poppy's Champions,2012,2,8,avatar Surace,Win,105.72 - 98.78,105.72, 98.78,6.94,Surace,Surace,
Poppy's Champions,2012,2,9,avatar Comeback Kids,Win,141.26 - 138.62,141.26,138.62,2.64,Comeback Kids,Dune Squad,
Poppy's Champions,2012,2,10,avatar Team Remi,Win,143.42 - 79.10,143.42, 79.10,64.32,Team Remi,Commissioner Gordon,
Poppy's Champions,2012,2,11,avatar GhostingTheLombardi,Win,127.36 - 87.04,127.36, 87.04,40.32,GhostingTheLombardi,GhostingTheLombardi,
Poppy's Champions,2012,2,12,avatar The Black Shepherd,Loss,112.78 - 118.42,112.78,118.42,-5.64,The Black Shepherd,The Black Shepherd,
Poppy's Champions,2012,2,13,avatar richard,Loss,95.54 - 99.10,95.54 , 99.10,-3.56,richard,richard,
Richard,2012,2,1,avatar The Mighty Albatross,Loss,92.82 - 105.52,92.82 ,105.52,-12.7,The Mighty Albatross,The Mighty Albatross,
Richard,2012,2,2,avatar The Black Shepherd,Loss,76.76 - 99.40,76.76 , 99.40,-22.64,The Black Shepherd,The Black Shepherd,
Richard,2012,2,3,avatar Surace,Win,115.02 - 97.68,115.02, 97.68,17.34,Surace,Surace,
Richard,2012,2,4,avatar HEAD,Loss,106.56 - 108.46,106.56,108.46,-1.9,HEAD,Black Mass,
Richard,2012,2,5,avatar Comeback Kids,Win,112.90 - 104.48,112.90,104.48,8.42,Comeback Kids,Dune Squad,
Richard,2012,2,6,avatar f.ftball antichrists,Win,132.72 - 95.56,132.72, 95.56,37.16,f.ftball antichrists,Poppy's Champions,
Richard,2012,2,7,avatar GhostingTheLombardi,Loss,78.18 - 92.62,78.18 , 92.62,-14.44,GhostingTheLombardi,GhostingTheLombardi,
Richard,2012,2,8,avatar The Mighty Albatross,Loss,72.08 - 98.30,72.08 , 98.30,-26.22,The Mighty Albatross,The Mighty Albatross,
Richard,2012,2,9,avatar Team Remi,Win,102.48 - 93.22,102.48, 93.22,9.26,Team Remi,Commissioner Gordon,
Richard,2012,2,10,avatar Foxecutioners,Win,120.44 - 116.96,120.44,116.96,3.48,Foxecutioners,The People's Champ,
Richard,2012,2,11,avatar The Black Shepherd,Loss,93.74 - 134.64,93.74 ,134.64,-40.9,The Black Shepherd,The Black Shepherd,
Richard,2012,2,12,avatar Surace,Loss,110.42 - 111.64,110.42,111.64,-1.22,Surace,Surace,
Richard,2012,2,13,avatar f.ftball antichrists,Win,99.10 - 95.54,99.10 , 95.54,3.56,f.ftball antichrists,Poppy's Champions,
The Black Shepherd,2012,2,1,avatar GhostingTheLombardi,Loss,92.90 - 128.48,92.90 ,128.48,-35.58,GhostingTheLombardi,GhostingTheLombardi,
The Black Shepherd,2012,2,2,avatar richard,Win,99.40 - 76.76,99.40 , 76.76,22.64,richard,richard,
The Black Shepherd,2012,2,3,avatar f.ftball antichrists,Loss,87.92 - 105.00,87.92 ,105.00,-17.08,f.ftball antichrists,Poppy's Champions,
The Black Shepherd,2012,2,4,avatar Team Remi,Win,137.76 - 115.80,137.76,115.80,21.96,Team Remi,Commissioner Gordon,
The Black Shepherd,2012,2,5,avatar Foxecutioners,Win,97.66 - 89.92,97.66 , 89.92,7.74,Foxecutioners,The People's Champ,
The Black Shepherd,2012,2,6,avatar The Mighty Albatross,Win,125.22 - 77.96,125.22, 77.96,47.26,The Mighty Albatross,The Mighty Albatross,
The Black Shepherd,2012,2,7,avatar Surace,Loss,74.30 - 111.42,74.30 ,111.42,-37.12,Surace,Surace,
The Black Shepherd,2012,2,8,avatar GhostingTheLombardi,Loss,108.96 - 119.54,108.96,119.54,-10.58,GhostingTheLombardi,GhostingTheLombardi,
The Black Shepherd,2012,2,9,avatar Falco's Finest,Loss,114.36 - 116.40,114.36,116.40,-2.04,Falco's Finest,The Wolf of Greek St,
The Black Shepherd,2012,2,10,avatar Expired Milk,Win,89.48 - 81.02,89.48 , 81.02,8.46,Expired Milk,Milk Man,
The Black Shepherd,2012,2,11,avatar richard,Win,134.64 - 93.74,134.64, 93.74,40.9,richard,richard,
The Black Shepherd,2012,2,12,avatar f.ftball antichrists,Win,118.42 - 112.78,118.42,112.78,5.64,f.ftball antichrists,Poppy's Champions,
The Black Shepherd,2012,2,13,avatar The Mighty Albatross,Loss,94.72 - 107.40,94.72 ,107.40,-12.68,The Mighty Albatross,The Mighty Albatross,
The Mighty Albatross,2012,2,1,avatar richard,Win,105.52 - 92.82,105.52, 92.82,12.7,richard,richard,
The Mighty Albatross,2012,2,2,avatar Surace,Win,122.84 - 92.92,122.84, 92.92,29.92,Surace,Surace,
The Mighty Albatross,2012,2,3,avatar GhostingTheLombardi,Win,121.00 - 88.48,121.00, 88.48,32.52,GhostingTheLombardi,GhostingTheLombardi,
The Mighty Albatross,2012,2,4,avatar Falco's Finest,Loss,124.22 - 134.92,124.22,134.92,-10.7,Falco's Finest,The Wolf of Greek St,
The Mighty Albatross,2012,2,5,avatar Expired Milk,Win,128.78 - 100.40,128.78,100.40,28.38,Expired Milk,Milk Man,
The Mighty Albatross,2012,2,6,avatar The Black Shepherd,Loss,77.96 - 125.22,77.96 ,125.22,-47.26,The Black Shepherd,The Black Shepherd,
The Mighty Albatross,2012,2,7,avatar f.ftball antichrists,Loss,81.00 - 143.48,81.00 ,143.48,-62.48,f.ftball antichrists,Poppy's Champions,
The Mighty Albatross,2012,2,8,avatar richard,Win,98.30 - 72.08,98.30 , 72.08,26.22,richard,richard,
The Mighty Albatross,2012,2,9,avatar HEAD,Loss,65.24 - 107.60,65.24 ,107.60,-42.36,HEAD,Black Mass,
The Mighty Albatross,2012,2,10,avatar Comeback Kids,Loss,100.44 - 109.68,100.44,109.68,-9.24,Comeback Kids,Dune Squad,
The Mighty Albatross,2012,2,11,avatar Surace,Loss,71.06 - 110.02,71.06 ,110.02,-38.96,Surace,Surace,
The Mighty Albatross,2012,2,12,avatar GhostingTheLombardi,Win,106.76 - 87.16,106.76, 87.16,19.6,GhostingTheLombardi,GhostingTheLombardi,
The Mighty Albatross,2012,2,13,avatar The Black Shepherd,Win,107.40 - 94.72,107.40, 94.72,12.68,The Black Shepherd,The Black Shepherd,
The People's Champ,2012,2,1,avatar Falco's Finest,Loss,118.28 - 126.34,118.28,126.34,-8.06,Falco's Finest,The Wolf of Greek St,
The People's Champ,2012,2,2,avatar Comeback Kids,Win,117.54 - 103.64,117.54,103.64,13.9,Comeback Kids,Dune Squad,
The People's Champ,2012,2,3,avatar Team Remi,Win,85.22 - 82.50,85.22 , 82.50,2.72,Team Remi,Commissioner Gordon,
The People's Champ,2012,2,4,avatar Surace,Win,138.08 - 100.40,138.08,100.40,37.68,Surace,Surace,
The People's Champ,2012,2,5,avatar The Black Shepherd,Loss,89.92 - 97.66,89.92 , 97.66,-7.74,The Black Shepherd,The Black Shepherd,
The People's Champ,2012,2,6,avatar HEAD,Win,110.14 - 84.62,110.14, 84.62,25.52,HEAD,Black Mass,
The People's Champ,2012,2,7,avatar Expired Milk,Win,145.98 - 57.64,145.98, 57.64,88.34,Expired Milk,Milk Man,
The People's Champ,2012,2,8,avatar Falco's Finest,Win,144.28 - 101.68,144.28,101.68,42.6,Falco's Finest,The Wolf of Greek St,
The People's Champ,2012,2,9,avatar GhostingTheLombardi,Loss,119.20 - 138.48,119.20,138.48,-19.28,GhostingTheLombardi,GhostingTheLombardi,
The People's Champ,2012,2,10,avatar richard,Loss,116.96 - 120.44,116.96,120.44,-3.48,richard,richard,
The People's Champ,2012,2,11,avatar Comeback Kids,Win,126.44 - 89.36,126.44, 89.36,37.08,Comeback Kids,Dune Squad,
The People's Champ,2012,2,12,avatar Team Remi,Win,146.04 - 142.44,146.04,142.44,3.6,Team Remi,Commissioner Gordon,
The People's Champ,2012,2,13,avatar HEAD,Win,119.12 - 103.68,119.12,103.68,15.44,HEAD,Black Mass,
The Wolf of Greek St,2012,2,1,avatar Foxecutioners,Win,126.34 - 118.28,126.34,118.28,8.06,Foxecutioners,The People's Champ,
The Wolf of Greek St,2012,2,2,avatar Expired Milk,Loss,94.54 - 125.96,94.54 ,125.96,-31.42,Expired Milk,Milk Man,
The Wolf of Greek St,2012,2,3,avatar HEAD,Loss,88.64 - 116.32,88.64 ,116.32,-27.68,HEAD,Black Mass,
The Wolf of Greek St,2012,2,4,avatar The Mighty Albatross,Win,134.92 - 124.22,134.92,124.22,10.7,The Mighty Albatross,The Mighty Albatross,
The Wolf of Greek St,2012,2,5,avatar Surace,Loss,103.04 - 141.74,103.04,141.74,-38.7,Surace,Surace,
The Wolf of Greek St,2012,2,6,avatar Comeback Kids,Loss,87.28 - 122.00,87.28 ,122.00,-34.72,Comeback Kids,Dune Squad,
The Wolf of Greek St,2012,2,7,avatar Team Remi,Win,109.32 - 80.86,109.32, 80.86,28.46,Team Remi,Commissioner Gordon,
The Wolf of Greek St,2012,2,8,avatar Foxecutioners,Loss,101.68 - 144.28,101.68,144.28,-42.6,Foxecutioners,The People's Champ,
The Wolf of Greek St,2012,2,9,avatar The Black Shepherd,Win,116.40 - 114.36,116.40,114.36,2.04,The Black Shepherd,The Black Shepherd,
The Wolf of Greek St,2012,2,10,avatar GhostingTheLombardi,Loss,94.56 - 138.96,94.56 ,138.96,-44.4,GhostingTheLombardi,GhostingTheLombardi,
The Wolf of Greek St,2012,2,11,avatar Expired Milk,Win,100.10 - 99.98,100.10, 99.98,0.12,Expired Milk,Milk Man,
The Wolf of Greek St,2012,2,12,avatar HEAD,Loss,83.06 - 114.90,83.06 ,114.90,-31.84,HEAD,Black Mass,
The Wolf of Greek St,2012,2,13,avatar Comeback Kids,Win,121.42 - 113.14,121.42,113.14,8.28,Comeback Kids,Dune Squad,
