Year,POS,Player,Team,Gms,Att,Yds,Avg,YPG,Lg,TD,FD
2016,RB,Ezekiel Elliott,Dal,15,322,"1,631",5.07,108.7,60t,15,91
2016,RB,Jordan Howard,Chi,15,252,"1,313",5.21,87.5,69,6,70
2016,RB,DeMarco Murray,Ten,16,293,"1,287",4.39,80.4,75t,9,64
2016,RB,Jay Ajayi,Mia,15,260,"1,272",4.89,84.8,62t,8,60
2016,RB,Le'Veon Bell,Pit,12,261,"1,268",4.86,105.7,44,7,69
2016,RB,LeSean McCoy,Buf,15,234,"1,267",5.41,84.5,75t,13,55
2016,RB,David Johnson,Ari,16,293,"1,239",4.23,77.4,58t,16,72
2016,RB,LeGarrette Blount,NE,16,299,"1,161",3.88,72.6,44,18,67
2016,RB,Devonta Freeman,Atl,16,227,"1,079",4.75,67.4,75t,11,61
2016,RB,Lamar Miller,Hou,14,268,"1,073",4,76.6,45,5,52
2016,RB,Mark Ingram,NO,16,205,"1,043",5.09,65.2,75t,6,49
2016,RB,Frank Gore,Ind,16,263,"1,025",3.9,64.1,22,4,50
2016,RB,Melvin Gordon,SD,13,254,997,3.93,76.7,48,10,61
2016,RB,Carlos Hyde,SF,13,217,988,4.55,76,47,6,48
2016,RB,Isaiah Crowell,Cle,16,198,952,4.81,59.5,85t,7,45
2016,RB,Spencer Ware,KC,14,214,921,4.3,65.8,46,3,47
2016,RB,Todd Gurley,LA,16,278,885,3.18,55.3,24t,6,48
2016,RB,Jeremy Hill,Cin,15,222,839,3.78,55.9,74t,9,42
2016,RB,Jonathan Stewart,Car,13,218,824,3.78,63.4,47,9,47
2016,RB,Matt Forte,NYJ,14,218,813,3.73,58.1,32,7,35
2016,RB,Latavius Murray,Oak,14,195,788,4.04,56.3,42,12,52
2016,RB,Terrance West,Bal,16,193,774,4.01,48.4,41,5,35
2016,RB,Bilal Powell,NYJ,16,131,722,5.51,45.1,35t,3,45
2016,RB,Rob Kelley,Was,15,168,704,4.19,46.9,66,6,29
2016,RB,Ryan Mathews,Phi,13,155,661,4.26,50.8,30,8,38
2016,RB,Devontae Booker,Den,16,174,612,3.52,38.2,18,4,30
2016,RB,Rashad Jennings,NYG,13,181,593,3.28,45.6,25,3,29
2016,RB,Christine Michael,Sea,15,148,583,3.94,38.9,42t,7,32
2016,RB,Tyrod Taylor,Buf,15,95,580,6.11,38.7,49,6,31
2016,RB,Mike Gillislee,Buf,15,101,577,5.71,38.5,44t,8,39
2016,RB,Jacquizz Rodgers,TB,10,129,560,4.34,56,45,2,29
2016,RB,Tim Hightower,NO,16,133,548,4.12,34.2,30,4,32
2016,RB,Jerick McKinnon,Min,15,159,539,3.39,35.9,36,2,21
2016,RB,Tevin Coleman,Atl,13,118,520,4.41,40,55t,8,24
2016,RB,Jalen Richard,Oak,16,83,491,5.92,30.7,75t,1,14
2016,RB,Derrick Henry,Ten,15,110,490,4.45,32.7,22,5,29
2016,RB,Colin Kaepernick,SF,12,69,468,6.78,39,30,2,28
2016,RB,DeAndre Washington,Oak,14,87,467,5.37,33.4,30,2,19
2016,RB,T.J. Yeldon,Jax,15,130,465,3.58,31,16,1,21
2016,RB,Matt Jones,Was,7,99,460,4.65,65.7,57,3,28
2016,RB,Ty Montgomery,GB,15,77,457,5.94,30.5,61,3,20
2016,RB,Paul Perkins,NYG,14,112,456,4.07,32.6,22,0,22
2016,RB,Chris Ivory,Jax,11,117,439,3.75,39.9,42,3,21
2016,RB,Darren Sproles,Phi,15,94,438,4.66,29.2,25t,2,22
2016,RB,C.J. Anderson,Den,7,110,437,3.97,62.4,28,4,22
2016,RB,Doug Martin,TB,8,144,421,2.92,52.6,17,3,23
2016,RB,Alfred Blue,Hou,14,100,420,4.2,30,25,1,23
2016,RB,Matt Asiata,Min,16,121,402,3.32,25.1,29,6,27
2016,RB,Kenneth Dixon,Bal,12,88,382,4.34,31.8,20,2,26
2016,RB,Aaron Rodgers,GB,16,67,369,5.51,23.1,23,4,25
2016,RB,Eddie Lacy,GB,5,71,360,5.07,72,31,0,15
2016,RB,Blake Bortles,Jax,16,58,359,6.19,22.4,27,3,20
2016,RB,Cam Newton,Car,15,90,359,3.99,23.9,28,5,28
2016,RB,Duke Johnson,Cle,16,73,358,4.9,22.4,22,1,17
2016,RB,Theo Riddick,Det,10,92,357,3.88,35.7,42,1,19
2016,RB,Chris Thompson,Was,16,68,356,5.24,22.2,25t,3,16
2016,RB,Marcus Mariota,Ten,15,60,349,5.82,23.3,41,2,20
2016,RB,Thomas Rawls,Sea,9,109,349,3.2,38.8,45t,3,21
2016,RB,Rex Burkhead,Cin,16,74,344,4.65,21.5,17,2,23
2016,RB,DeAngelo Williams,Pit,9,98,343,3.5,38.1,17,4,20
2016,RB,Andrew Luck,Ind,15,64,341,5.33,22.7,33,2,20
2016,RB,Giovani Bernard,Cin,10,91,337,3.7,33.7,17,2,15
2016,RB,Zach Zenner,Det,14,88,334,3.8,23.9,20,4,22
2016,RB,Wendell Smallwood,Phi,13,77,312,4.05,24,19,1,20
2016,RB,Charcandrick West,KC,15,88,293,3.33,19.5,28,1,14
2016,RB,Justin Forsett,Det,9,87,291,3.34,32.3,64,1,10
2016,RB,Dion Lewis,NE,7,64,283,4.42,40.4,15,0,14
2016,RB,Dak Prescott,Dal,16,57,282,4.95,17.6,18,6,21
2016,RB,Tyreek Hill,KC,16,24,267,11.12,16.7,70t,3,10
2016,RB,Dwayne Washington,Det,12,90,265,2.94,22.1,28,1,11
2016,RB,Fozzy Whittaker,Car,16,57,265,4.65,16.6,25,0,10
2016,RB,Russell Wilson,Sea,16,72,259,3.6,16.2,18,1,16
2016,RB,Alfred Morris,Dal,14,69,243,3.52,17.4,17,2,15
2016,RB,Peyton Barber,TB,15,55,223,4.05,14.9,44t,1,10
2016,RB,Matthew Stafford,Det,16,37,207,5.59,12.9,24,2,15
2016,RB,Jeremy Langford,Chi,12,62,200,3.23,16.7,23,4,12
2016,RB,Shaun Draughn,SF,16,74,196,2.65,12.2,18,4,15
2016,RB,Kenneth Farrow,SD,13,60,192,3.2,14.8,11,0,10
2016,RB,Robert Griffin III,Cle,5,31,190,6.13,38,20,2,10
2016,RB,Andy Dalton,Cin,16,46,184,4,11.5,15,4,17
2016,RB,Kenyan Drake,Mia,16,33,179,5.42,11.2,45t,2,9
2016,RB,Blaine Gabbert,SF,6,40,173,4.33,28.8,24,2,15
2016,RB,C.J. Prosise,Sea,6,30,172,5.73,28.7,72t,1,3
2016,RB,James White,NE,16,39,166,4.26,10.4,16,0,8
2016,RB,Jameis Winston,TB,16,53,165,3.11,10.3,14,1,10
2016,RB,Corey Grant,Jax,11,32,164,5.12,14.9,57t,1,6
2016,RB,Ryan Tannehill,Mia,13,39,164,4.21,12.6,18,1,10
2016,RB,Robert Turbin,Ind,15,47,164,3.49,10.9,18,7,20
2016,RB,Tavon Austin,LA,15,28,159,5.68,10.6,30t,1,7
2016,RB,Shane Vereen,NYG,5,33,158,4.79,31.6,25,1,8
2016,RB,Kerwynn Williams,Ari,10,18,157,8.72,15.7,49t,2,8
2016,RB,Terron Ward,Atl,5,31,151,4.87,30.2,45,0,6
2016,RB,Aaron Ripkowski,GB,16,34,150,4.41,9.4,15,2,10
2016,RB,Carson Wentz,Phi,16,46,150,3.26,9.4,17,2,15
2016,RB,Charles Sims,TB,7,51,149,2.92,21.3,23,1,6
2016,RB,James Starks,GB,9,63,145,2.3,16.1,11,0,9
2016,RB,Cameron Artis-Payne,Car,3,36,144,4,48,14,2,5
2016,RB,Denard Robinson,Jax,13,41,144,3.51,11.1,9,0,4
2016,RB,DuJuan Harris,SF,10,38,138,3.63,13.8,19,0,6
2016,RB,Alex Smith,KC,15,48,134,2.79,8.9,24,5,9
2015,RB,Adrian Peterson,Min,16,327,"1,485",4.54,92.8,80t,11,71
2015,RB,Doug Martin,TB,16,288,"1,402",4.87,87.6,84,6,61
2015,RB,Todd Gurley,Stl,13,229,"1,106",4.83,85.1,71t,10,45
2015,RB,Darren McFadden,Dal,16,239,"1,089",4.56,68.1,50,3,52
2015,RB,Chris Ivory,NYJ,15,247,"1,070",4.33,71.3,58,7,50
2015,RB,Latavius Murray,Oak,16,266,"1,066",4.01,66.6,54,6,49
2015,RB,Devonta Freeman,Atl,15,265,"1,056",3.98,70.4,39,11,68
2015,RB,Jonathan Stewart,Car,13,242,989,4.09,76.1,44,6,42
2015,RB,Frank Gore,Ind,16,260,967,3.72,60.4,37t,6,44
2015,RB,DeAngelo Williams,Pit,16,200,907,4.54,56.7,55,11,51
2015,RB,Matt Forte,Chi,13,218,898,4.12,69.1,27,4,46
2015,RB,LeSean McCoy,Buf,12,203,895,4.41,74.6,48t,3,42
2015,RB,Lamar Miller,Mia,16,194,872,4.49,54.5,85t,8,40
2015,RB,Ronnie Hillman,Den,16,207,863,4.17,53.9,72t,7,43
2015,RB,Rashad Jennings,NYG,16,195,863,4.43,53.9,38t,3,40
2015,RB,Thomas Rawls,Sea,13,147,830,5.65,63.8,69t,4,37
2015,RB,Chris Johnson,Ari,11,196,814,4.15,74,62,3,31
2015,RB,Jeremy Hill,Cin,16,223,794,3.56,49.6,38t,11,45
2015,RB,Mark Ingram,NO,12,166,769,4.63,64.1,70,6,44
2015,RB,Eddie Lacy,GB,15,187,758,4.05,50.5,29,3,39
2015,RB,Alfred Morris,Was,16,202,751,3.72,46.9,48,1,32
2015,RB,T.J. Yeldon,Jax,12,182,740,4.07,61.7,45,2,25
2015,RB,Giovani Bernard,Cin,16,154,730,4.74,45.6,28,2,34
2015,RB,C.J. Anderson,Den,15,152,720,4.74,48,48t,5,33
2015,RB,Isaiah Crowell,Cle,16,185,706,3.82,44.1,54,4,34
2015,RB,LeGarrette Blount,NE,12,165,703,4.26,58.6,38t,6,37
2015,RB,DeMarco Murray,Phi,15,193,702,3.64,46.8,54t,6,47
2015,RB,Alfred Blue,Hou,16,183,698,3.81,43.6,41,2,33
2015,RB,Justin Forsett,Bal,10,151,641,4.25,64.1,33,2,41
2015,RB,Melvin Gordon,SD,14,184,641,3.48,45.8,27,0,33
2015,RB,Cam Newton,Car,16,132,636,4.82,39.8,47,10,56
2015,RB,Charcandrick West,KC,15,160,634,3.96,42.3,38t,4,35
2015,RB,James Starks,GB,16,148,601,4.06,37.6,65t,2,30
2015,RB,Ameer Abdullah,Det,16,143,597,4.17,37.3,36,2,27
2015,RB,David Johnson,Ari,16,125,581,4.65,36.3,47t,8,34
2015,RB,Tyrod Taylor,Buf,14,104,568,5.46,40.6,31,4,28
2015,RB,Le'Veon Bell,Pit,6,113,556,4.92,92.7,42,3,27
2015,RB,Russell Wilson,Sea,16,103,553,5.37,34.6,24,1,31
2015,RB,Ryan Mathews,Phi,13,106,539,5.08,41.5,63t,6,32
2015,RB,Jeremy Langford,Chi,16,148,537,3.63,33.6,23,6,28
2015,RB,Charles Sims,TB,16,107,529,4.94,33.1,59,0,20
2015,RB,Antonio Andrews,Ten,14,143,520,3.64,37.1,38,3,28
2015,RB,Karlos Williams,Buf,11,93,517,5.56,47,41t,7,25
2015,RB,Javorius Allen,Bal,16,137,514,3.75,32.1,44,1,28
2015,RB,Alex Smith,KC,16,84,498,5.93,31.1,49,2,30
2015,RB,Matt Jones,Was,13,144,490,3.4,37.7,39t,3,30
2015,RB,Carlos Hyde,SF,7,115,470,4.09,67.1,22,3,25
2015,RB,Tavon Austin,Stl,16,52,434,8.35,27.1,60,4,23
2015,RB,Marshawn Lynch,Sea,7,111,417,3.76,59.6,24,3,29
2015,RB,Spencer Ware,KC,11,72,403,5.6,36.6,52,6,19
2015,RB,Tevin Coleman,Atl,12,87,392,4.51,32.7,46,1,14
2015,RB,Duke Johnson,Cle,16,104,379,3.64,23.7,39,0,19
2015,RB,Tim Hightower,NO,8,96,375,3.91,46.9,26,4,25
2015,RB,Jamaal Charles,KC,5,71,364,5.13,72.8,34t,4,21
2015,RB,Aaron Rodgers,GB,16,58,344,5.93,21.5,18,1,20
2015,RB,Danny Woodhead,SD,16,98,336,3.43,21,27,3,21
2015,RB,Chris Polk,Hou,15,99,334,3.37,22.3,20,1,13
2015,RB,Darren Sproles,Phi,16,83,317,3.82,19.8,27,3,21
2015,RB,Joseph Randle,Dal,6,76,315,4.14,52.5,37t,4,15
2015,RB,Bilal Powell,NYJ,11,70,313,4.47,28.5,24,1,18
2015,RB,Joique Bell,Det,13,90,311,3.46,23.9,36,4,18
2015,RB,Blake Bortles,Jax,16,52,310,5.96,19.4,28,2,24
2015,RB,Andre Ellington,Ari,10,45,289,6.42,28.9,63t,3,11
2015,RB,Jonathan Grimes,Hou,14,56,282,5.04,20.1,37,1,11
2015,RB,Shaun Draughn,SF,11,78,273,3.5,24.8,30,1,13
2015,RB,Jerick McKinnon,Min,16,52,271,5.21,16.9,68t,2,12
2015,RB,Ryan Fitzpatrick,NYJ,16,60,270,4.5,16.9,19,2,21
2015,RB,Mike Gillislee,Buf,5,47,267,5.68,53.4,60t,3,8
2015,RB,Denard Robinson,Jax,13,67,266,3.97,20.5,31,1,10
2015,RB,Shane Vereen,NYG,16,61,260,4.26,16.2,39,0,13
2015,RB,Andre Williams,NYG,16,88,257,2.92,16.1,35,1,11
2015,RB,Colin Kaepernick,SF,9,45,256,5.69,28.4,15,1,13
2015,RB,Mike Tolbert,Car,16,62,256,4.13,16,29,1,18
2015,RB,Marcus Mariota,Ten,12,34,252,7.41,21,87t,2,10
2015,RB,Dexter McCluster,Ten,11,55,247,4.49,22.5,44,1,6
2015,RB,Christine Michael,Sea,8,54,243,4.5,30.4,45,0,14
2015,RB,Dion Lewis,NE,7,49,234,4.78,33.4,13,2,15
2015,RB,Terrance West,Ten,8,62,231,3.73,28.9,17,0,10
2015,RB,Johnny Manziel,Cle,9,37,230,6.22,25.6,34,0,11
2015,RB,Donald Brown,SD,10,59,229,3.88,22.9,53,1,12
2015,RB,Chris Thompson,Was,13,35,216,6.17,16.6,42,0,8
2015,RB,Jameis Winston,TB,16,54,213,3.94,13.3,21,6,18
2015,RB,Brandon Bolden,NE,15,63,207,3.29,13.8,14,0,9
2015,RB,Tre Mason,Stl,13,75,207,2.76,15.9,15,1,10
2015,RB,Jay Cutler,Chi,15,38,201,5.29,13.4,26,1,16
2015,RB,Robert Turbin,Dal,10,50,199,3.98,19.9,22,1,10
2015,RB,Andrew Luck,Ind,7,33,196,5.94,28,25,0,13
2015,RB,Bishop Sankey,Ten,13,47,193,4.11,14.8,16,1,5
2015,RB,Teddy Bridgewater,Min,16,44,192,4.36,12,19,3,17
2015,RB,DuJuan Harris,Sea,4,48,189,3.94,47.2,47,0,8
2015,RB,Jay Ajayi,Mia,9,49,187,3.82,20.8,24,1,7
2015,RB,Blaine Gabbert,SF,8,32,185,5.78,23.1,44t,1,8
2015,RB,Cameron Artis-Payne,Car,7,45,183,4.07,26.1,31,1,6
2015,RB,Khiry Robinson,NO,8,56,180,3.21,22.5,14,4,14
2015,RB,Jonas Gray,Mia,8,45,176,3.91,22,23,0,11
2015,RB,Arian Foster,Hou,4,63,163,2.59,40.8,16,1,11
2015,RB,Ka'Deem Carey,Chi,11,43,159,3.7,14.5,11,2,13
2015,RB,Matthew Stafford,Det,16,44,159,3.61,9.9,18,1,13
2015,RB,Orleans Darkwa,NYG,16,36,153,4.25,9.6,17,1,7
2015,RB,David Cobb,Ten,7,52,146,2.81,20.9,12,1,6
2014,RB,DeMarco Murray,Dal,16,392,"1,845",4.71,115.3,51,13,85
2014,RB,Le'Veon Bell,Pit,16,290,"1,361",4.69,85.1,81,8,73
2014,RB,LeSean McCoy,Phi,16,312,"1,319",4.23,82.4,53,5,67
2014,RB,Marshawn Lynch,Sea,16,280,"1,306",4.66,81.6,79t,13,65
2014,RB,Justin Forsett,Bal,16,235,"1,266",5.39,79.1,52,8,56
2014,RB,Arian Foster,Hou,13,260,"1,246",4.79,95.8,51,8,52
2014,RB,Eddie Lacy,GB,16,246,"1,139",4.63,71.2,44t,9,58
2014,RB,Jeremy Hill,Cin,16,222,"1,124",5.06,70.2,85t,9,61
2014,RB,Frank Gore,SF,16,255,"1,106",4.34,69.1,52t,4,53
2014,RB,Lamar Miller,Mia,16,216,"1,099",5.09,68.7,97t,8,57
2014,RB,Alfred Morris,Was,16,265,"1,074",4.05,67.1,30,8,48
2014,RB,Matt Forte,Chi,16,266,"1,038",3.9,64.9,32,6,63
2014,RB,Jamaal Charles,KC,15,206,"1,033",5.01,68.9,63t,9,50
2014,RB,Mark Ingram,NO,13,226,964,4.27,74.2,31,9,47
2014,RB,Joique Bell,Det,15,223,860,3.86,57.3,57,7,43
2014,RB,C.J. Anderson,Den,15,179,849,4.74,56.6,27,8,47
2014,RB,Russell Wilson,Sea,16,118,849,7.19,53.1,55,6,45
2014,RB,Chris Ivory,NYJ,16,198,821,4.15,51.3,71t,6,42
2014,RB,Jonathan Stewart,Car,13,175,809,4.62,62.2,69t,3,42
2014,RB,Tre Mason,Stl,12,179,765,4.27,63.8,89t,4,37
2014,RB,Andre Williams,NYG,16,217,721,3.32,45.1,50t,7,30
2014,RB,Steven Jackson,Atl,15,190,707,3.72,47.1,55,6,37
2014,RB,Giovani Bernard,Cin,13,168,680,4.05,52.3,89t,5,32
2014,RB,Terrance West,Cle,14,171,673,3.94,48.1,36,4,30
2014,RB,Chris Johnson,NYJ,16,155,663,4.28,41.4,47,1,21
2014,RB,Andre Ellington,Ari,12,201,660,3.28,55,22,3,27
2014,RB,Rashad Jennings,NYG,11,167,639,3.83,58.1,18,4,38
2014,RB,Colin Kaepernick,SF,16,104,639,6.14,39.9,90t,1,28
2014,RB,Isaiah Crowell,Cle,16,148,607,4.1,37.9,35,8,34
2014,RB,Branden Oliver,SD,14,160,582,3.64,41.6,52,3,30
2014,RB,Denard Robinson,Jax,13,135,582,4.31,44.8,41,4,23
2014,RB,Matt Asiata,Min,15,164,570,3.48,38,19,9,33
2014,RB,Bishop Sankey,Ten,16,152,569,3.74,35.6,22,2,26
2014,RB,LeGarrette Blount,Pit,16,125,547,4.38,34.2,50,5,30
2014,RB,Cam Newton,Car,14,103,539,5.23,38.5,22,5,46
2014,RB,Jerick McKinnon,Min,11,113,538,4.76,48.9,55,0,21
2014,RB,Darren McFadden,Oak,16,155,534,3.45,33.4,25,2,20
2014,RB,Alfred Blue,Hou,16,169,528,3.12,33,46,2,29
2014,RB,Fred Jackson,Buf,14,141,525,3.72,37.5,38,2,24
2014,RB,Trent Richardson,Ind,15,159,519,3.26,34.6,27,3,25
2014,RB,Doug Martin,TB,11,134,494,3.69,44.9,63,2,23
2014,RB,Knile Davis,KC,16,134,463,3.46,28.9,48,6,23
2014,RB,Ronnie Hillman,Den,8,106,434,4.09,54.2,37t,3,20
2014,RB,Anthony Dixon,Buf,16,105,432,4.11,27,47,2,13
2014,RB,Ahmad Bradshaw,Ind,10,90,425,4.72,42.5,29,2,18
2014,RB,Latavius Murray,Oak,15,82,424,5.17,28.3,90t,2,18
2014,RB,Blake Bortles,Jax,14,56,419,7.48,29.9,34,0,27
2014,RB,Jonas Gray,NE,8,89,412,4.63,51.5,20,5,26
2014,RB,Bobby Rainey,TB,15,94,406,4.32,27.1,31,1,20
2014,RB,Shonn Greene,Ten,13,94,392,4.17,30.2,52,2,18
2014,RB,Shane Vereen,NE,16,96,391,4.07,24.4,19,2,15
2014,RB,Ben Tate,Min,11,119,371,3.12,33.7,25,4,18
2014,RB,Bernard Pierce,Bal,13,93,366,3.94,28.2,28,2,20
2014,RB,Khiry Robinson,NO,10,76,362,4.76,36.2,62,3,23
2014,RB,Dan Herron,Ind,16,78,351,4.5,21.9,49t,1,17
2014,RB,Joseph Randle,Dal,16,51,343,6.73,21.4,65t,3,12
2014,RB,Stevan Ridley,NE,6,94,340,3.62,56.7,43,2,16
2014,RB,Carlos Hyde,SF,14,83,333,4.01,23.8,28,4,16
2014,RB,James Starks,GB,16,85,333,3.92,20.8,41,2,16
2014,RB,Ryan Mathews,SD,6,74,330,4.46,55,32t,3,17
2014,RB,Darren Sproles,Phi,15,57,329,5.77,21.9,49t,6,18
2014,RB,Toby Gerhart,Jax,14,101,326,3.23,23.3,23,2,23
2014,RB,Ryan Tannehill,Mia,16,56,311,5.55,19.4,40,1,18
2014,RB,Robert Turbin,Sea,16,74,310,4.19,19.4,17,0,16
2014,RB,C.J. Spiller,Buf,9,78,300,3.85,33.3,53,0,12
2014,RB,Reggie Bush,Det,11,76,297,3.91,27,26t,2,9
2014,RB,Zac Stacy,Stl,13,76,293,3.86,22.5,16,1,13
2014,RB,Lorenzo Taliaferro,Bal,13,68,292,4.29,22.5,31,4,17
2014,RB,Andrew Luck,Ind,16,64,273,4.27,17.1,20,3,19
2014,RB,Juwan Thompson,Den,15,54,272,5.04,18.1,47,3,17
2014,RB,Aaron Rodgers,GB,16,43,269,6.26,16.8,19,2,20
2014,RB,Alex Smith,KC,15,49,254,5.18,16.9,25,1,12
2014,RB,Devonta Freeman,Atl,16,65,248,3.82,15.5,31t,1,9
2014,RB,Benny Cunningham,Stl,16,66,246,3.73,15.4,20,3,12
2014,RB,Kerwynn Williams,Ari,5,53,246,4.64,49.2,19,0,11
2014,RB,Geno Smith,NYJ,14,59,238,4.03,17,18,1,18
2014,RB,Tavon Austin,Stl,15,36,224,6.22,14.9,19,2,11
2014,RB,Donald Brown,SD,13,85,223,2.62,17.2,16,0,11
2014,RB,Pierre Thomas,NO,11,45,222,4.93,20.2,27t,2,13
2014,RB,DeAngelo Williams,Car,6,62,219,3.53,36.5,17,0,6
2014,RB,Jacquizz Rodgers,Atl,16,58,217,3.74,13.6,17t,1,12
2014,RB,Roy Helu,Was,14,40,216,5.4,15.4,18,1,10
2014,RB,Teddy Bridgewater,Min,13,47,209,4.45,16.1,16,1,13
2014,RB,Stepfan Taylor,Ari,14,63,208,3.3,14.9,21,1,13
2014,RB,Percy Harvin,Sea,13,33,202,6.12,15.5,51t,1,11
2014,RB,Jay Cutler,Chi,15,39,191,4.9,12.7,25,2,14
2014,RB,Jordan Todman,Jax,16,32,186,5.81,11.6,62t,1,5
2014,RB,Charles Sims,TB,8,66,185,2.8,23.1,20,1,10
2014,RB,Ryan Fitzpatrick,Hou,12,50,184,3.68,15.3,16,2,13
2014,RB,Robert Griffin III,Was,9,38,176,4.63,19.6,23,1,9
2014,RB,Christine Michael,Sea,10,34,175,5.15,17.5,45,0,11
2014,RB,Montee Ball,Den,5,55,172,3.13,34.4,23,1,9
2014,RB,Chris Polk,Phi,14,46,172,3.74,12.3,22,4,12
2014,RB,Andy Dalton,Cin,16,60,169,2.82,10.6,20t,4,21
2014,RB,Daniel Thomas,Mia,12,44,168,3.82,14,15,2,9
2014,RB,Ka'Deem Carey,Chi,14,36,158,4.39,11.3,15,0,11
2014,RB,Jonathan Grimes,Hou,16,39,153,3.92,9.6,11,0,5
2014,RB,Michael Vick,NYJ,10,26,153,5.88,15.3,24,0,10
2014,RB,Knowshon Moreno,Mia,3,31,148,4.77,49.3,15,1,8
2014,RB,Matt Ryan,Atl,16,29,145,5,9.1,15,0,10
2013,RB,LeSean McCoy,Phi,16,314,"1,607",5.12,100.4,57t,9,79
2013,RB,Matt Forte,Chi,16,289,"1,339",4.63,83.7,55,9,74
2013,RB,Jamaal Charles,KC,15,259,"1,287",4.97,85.8,46,12,72
2013,RB,Alfred Morris,Was,16,276,"1,275",4.62,79.7,45t,7,57
2013,RB,Adrian Peterson,Min,14,279,"1,266",4.54,90.4,78t,10,59
2013,RB,Marshawn Lynch,Sea,16,301,"1,257",4.18,78.6,43,12,68
2013,RB,Ryan Mathews,SD,16,285,"1,255",4.4,78.4,51,6,54
2013,RB,Eddie Lacy,GB,15,284,"1,178",4.15,78.5,60,11,61
2013,RB,Frank Gore,SF,16,276,"1,128",4.09,70.5,51,9,55
2013,RB,DeMarco Murray,Dal,14,217,"1,121",5.17,80.1,43,9,59
2013,RB,Chris Johnson,Ten,16,279,"1,077",3.86,67.3,30t,6,54
2013,RB,Knowshon Moreno,Den,16,241,"1,038",4.31,64.9,31,10,53
2013,RB,Reggie Bush,Det,14,223,"1,006",4.51,71.9,39,4,47
2013,RB,Zac Stacy,Stl,14,250,973,3.89,69.5,40t,7,47
2013,RB,C.J. Spiller,Buf,15,202,933,4.62,62.2,77,2,26
2013,RB,Fred Jackson,Buf,16,206,890,4.32,55.6,59,9,54
2013,RB,Le'Veon Bell,Pit,13,244,860,3.52,66.2,43,8,48
2013,RB,DeAngelo Williams,Car,15,201,843,4.19,56.2,43t,3,35
2013,RB,Chris Ivory,NYJ,15,182,833,4.58,55.5,69,3,34
2013,RB,Maurice Jones-Drew,Jax,15,234,803,3.43,53.5,48,5,43
2013,RB,Stevan Ridley,NE,14,178,773,4.34,55.2,29,7,39
2013,RB,LeGarrette Blount,NE,16,153,772,5.05,48.2,47t,7,35
2013,RB,Ben Tate,Hou,14,181,771,4.26,55.1,60,4,34
2013,RB,BenJarvus Green-Ellis,Cin,16,220,756,3.44,47.2,25,7,48
2013,RB,Rashad Jennings,Oak,15,163,733,4.5,48.9,80t,6,34
2013,RB,Lamar Miller,Mia,16,177,709,4.01,44.3,49,2,26
2013,RB,Bilal Powell,NYJ,16,176,697,3.96,43.6,39,1,35
2013,RB,Giovani Bernard,Cin,16,170,695,4.09,43.4,35t,5,32
2013,RB,Rashard Mendenhall,Ari,15,217,687,3.17,45.8,28,8,43
2013,RB,Ray Rice,Bal,15,214,660,3.08,44,47,4,28
2013,RB,Andre Ellington,Ari,15,118,652,5.53,43.5,80t,3,27
2013,RB,Joique Bell,Det,16,166,650,3.92,40.6,20,8,43
2013,RB,Cam Newton,Car,16,111,585,5.27,36.6,56,6,45
2013,RB,Terrelle Pryor,Oak,11,83,576,6.94,52.4,93t,2,27
2013,RB,Bobby Rainey,TB,15,150,566,3.77,37.7,80t,5,23
2013,RB,Trent Richardson,Ind,16,188,563,2.99,35.2,22,3,28
2013,RB,Montee Ball,Den,16,120,559,4.66,34.9,45,4,35
2013,RB,Pierre Thomas,NO,16,147,549,3.73,34.3,18,2,31
2013,RB,Steven Jackson,Atl,12,157,543,3.46,45.2,50,6,26
2013,RB,Arian Foster,Hou,8,121,542,4.48,67.8,23,1,31
2013,RB,Russell Wilson,Sea,16,96,539,5.61,33.7,27,1,31
2013,RB,Donald Brown,Ind,16,102,537,5.26,33.6,51t,6,20
2013,RB,Colin Kaepernick,SF,16,92,524,5.7,32.8,28,4,28
2013,RB,James Starks,GB,13,89,493,5.54,37.9,41,3,27
2013,RB,Andre Brown,NYG,8,139,492,3.54,61.5,23t,3,31
2013,RB,Robert Griffin III,Was,13,86,489,5.69,37.6,26,0,24
2013,RB,Doug Martin,TB,6,127,456,3.59,76,28,1,16
2013,RB,Bernard Pierce,Bal,16,152,436,2.87,27.2,28,2,20
2013,RB,Alex Smith,KC,15,76,431,5.67,28.7,26,1,23
2013,RB,Danny Woodhead,SD,16,106,429,4.05,26.8,14,2,26
2013,RB,Daniel Thomas,Mia,15,109,406,3.72,27.1,55,4,17
2013,RB,Mark Ingram,NO,11,78,386,4.95,35.1,34,1,18
2013,RB,Darren McFadden,Oak,10,114,379,3.32,37.9,30,5,16
2013,RB,Andrew Luck,Ind,16,63,377,5.98,23.6,29,4,23
2013,RB,Willis McGahee,Cle,12,138,377,2.73,31.4,16,2,28
2013,RB,Geno Smith,NYJ,16,72,366,5.08,22.9,32,6,23
2013,RB,Mike Tolbert,Car,16,101,361,3.57,22.6,22,5,31
2013,RB,Kendall Hunter,SF,16,78,358,4.59,22.4,45,3,18
2013,RB,Jacquizz Rodgers,Atl,15,96,332,3.46,22.1,19t,2,19
2013,RB,Bryce Brown,Phi,16,75,314,4.19,19.6,65t,2,16
2013,RB,Michael Vick,Phi,7,36,306,8.5,43.7,61,2,17
2013,RB,Shonn Greene,Ten,11,77,295,3.83,26.8,29,4,18
2013,RB,Mike James,TB,8,60,295,4.92,36.9,24,0,14
2013,RB,Toby Gerhart,Min,14,36,283,7.86,20.2,41t,2,13
2013,RB,Roy Helu,Was,16,62,274,4.42,17.1,24,4,18
2013,RB,Brandon Bolden,NE,12,55,271,4.93,22.6,46,3,14
2013,RB,Robert Turbin,Sea,16,77,264,3.43,16.5,15,0,9
2013,RB,Benny Cunningham,Stl,14,47,261,5.55,18.6,56,1,11
2013,RB,Jordan Todman,Jax,16,76,256,3.37,16,33,2,16
2013,RB,Peyton Hillis,NYG,7,73,247,3.38,35.3,27,2,12
2013,RB,Knile Davis,KC,16,70,242,3.46,15.1,20,4,10
2013,RB,Chris Ogbonnaya,Cle,16,49,240,4.9,15,43,0,14
2013,RB,Brandon Jacobs,NYG,7,58,238,4.1,34,37,4,16
2013,RB,Ryan Tannehill,Mia,16,40,238,5.95,14.9,48,1,12
2013,RB,Ryan Fitzpatrick,Ten,11,43,225,5.23,20.5,26,3,15
2013,RB,Khiry Robinson,NO,10,54,224,4.15,22.4,25,1,12
2013,RB,Nick Foles,Phi,13,57,221,3.88,17,21,3,16
2013,RB,Darren Sproles,NO,15,53,220,4.15,14.7,38,2,11
2013,RB,Ronnie Hillman,Den,10,55,218,3.96,21.8,19,1,13
2013,RB,Marcel Reece,Oak,16,46,218,4.74,13.6,63t,2,8
2013,RB,Daryl Richardson,Stl,8,69,215,3.12,26.9,14,0,12
2013,RB,Shane Vereen,NE,8,44,208,4.73,26,21,1,11
2013,RB,Michael Bush,Chi,15,63,197,3.13,13.1,40t,3,10
2013,RB,Jonathan Dwyer,Pit,15,49,197,4.02,13.1,30,0,16
2013,RB,Ahmad Bradshaw,Ind,3,41,186,4.54,62,27,2,11
2013,RB,E.J. Manuel,Buf,10,53,186,3.51,18.6,19,2,14
2013,RB,Felix Jones,Pit,16,48,184,3.83,11.5,14,0,9
2013,RB,Andy Dalton,Cin,16,61,183,3,11.4,12,2,15
2013,RB,Dennis Johnson,Hou,8,49,183,3.73,22.9,29,0,8
2013,RB,Brian Leonard,TB,16,47,182,3.87,11.4,24,0,12
2013,RB,Jonathan Stewart,Car,6,48,180,3.75,30,16,0,7
2013,RB,Edwin Baker,Cle,3,43,171,3.98,57,20,2,11
2013,RB,Tashard Choice,Ind,15,46,170,3.7,11.3,20,0,8
2013,RB,Matt Asiata,Min,11,44,166,3.77,15.1,39,3,11
2013,RB,Joseph Randle,Dal,13,54,164,3.04,12.6,19,2,7
2013,RB,Jason Snelling,Atl,14,44,164,3.73,11.7,17,1,9
2013,RB,Cordarrelle Patterson,Min,16,12,158,13.17,9.9,50t,3,7
2013,RB,Ronnie Brown,SD,16,45,157,3.49,9.8,13,1,8
2013,RB,Jake Locker,Ten,7,24,155,6.46,22.1,39,2,9
2013,RB,Tavon Austin,Stl,13,9,151,16.78,11.6,65t,1,3
2012,RB,Adrian Peterson,Min,16,348,"2,097",6.03,131.1,82t,12,85
2012,RB,Alfred Morris,Was,16,335,"1,613",4.81,100.8,39t,13,83
2012,RB,Marshawn Lynch,Sea,16,315,"1,590",5.05,99.4,77t,11,69
2012,RB,Jamaal Charles,KC,16,285,"1,509",5.29,94.3,91t,5,62
2012,RB,Doug Martin,TB,16,319,"1,454",4.56,90.9,70t,11,58
2012,RB,Arian Foster,Hou,16,351,"1,424",4.06,89,46,15,78
2012,RB,Stevan Ridley,NE,16,290,"1,263",4.36,78.9,41,12,82
2012,RB,C.J. Spiller,Buf,16,207,"1,244",6.01,77.8,62,6,52
2012,RB,Chris Johnson,Ten,16,276,"1,243",4.5,77.7,94t,6,45
2012,RB,Frank Gore,SF,16,258,"1,214",4.71,75.9,37,8,67
2012,RB,Ray Rice,Bal,16,257,"1,143",4.45,71.4,46,9,51
2012,RB,Matt Forte,Chi,15,248,"1,094",4.41,72.9,46,5,45
2012,RB,BenJarvus Green-Ellis,Cin,15,278,"1,094",3.94,72.9,48,6,54
2012,RB,Shonn Greene,NYJ,16,276,"1,063",3.85,66.4,36,8,52
2012,RB,Steven Jackson,Stl,16,258,"1,045",4.05,65.3,46,4,47
2012,RB,Ahmad Bradshaw,NYG,14,221,"1,015",4.59,72.5,37,6,56
2012,RB,Reggie Bush,Mia,16,227,986,4.34,61.6,65t,6,43
2012,RB,Trent Richardson,Cle,15,267,950,3.56,63.3,32t,11,36
2012,RB,LeSean McCoy,Phi,12,200,840,4.2,70,34,2,45
2012,RB,Robert Griffin III,Was,15,120,815,6.79,54.3,76t,7,40
2012,RB,Vick Ballard,Ind,16,211,814,3.86,50.9,26,2,50
2012,RB,Michael Turner,Atl,16,222,800,3.6,50,43,10,40
2012,RB,Mikel Leshoure,Det,14,215,798,3.71,57,16,9,46
2012,RB,Cam Newton,Car,16,127,741,5.83,46.3,72t,8,51
2012,RB,DeAngelo Williams,Car,16,173,737,4.26,46.1,65,5,31
2012,RB,Willis McGahee,Den,10,167,731,4.38,73.1,31,4,43
2012,RB,Ryan Mathews,SD,12,184,707,3.84,58.9,31,1,34
2012,RB,Darren McFadden,Oak,12,216,707,3.27,58.9,64t,2,33
2012,RB,DeMarco Murray,Dal,10,161,663,4.12,66.3,48,4,39
2012,RB,Jonathan Dwyer,Pit,13,156,623,3.99,47.9,34,2,27
2012,RB,Mark Ingram,NO,16,156,602,3.86,37.6,31,5,28
2012,RB,Bryce Brown,Phi,16,115,564,4.9,35.2,65t,4,33
2012,RB,Bernard Pierce,Bal,16,108,532,4.93,33.2,78,1,21
2012,RB,Knowshon Moreno,Den,8,138,525,3.8,65.6,20,4,32
2012,RB,Russell Wilson,Sea,16,94,489,5.2,30.6,25t,4,30
2012,RB,Daryl Richardson,Stl,16,98,475,4.85,29.7,53,0,19
2012,RB,Pierre Thomas,NO,15,105,473,4.5,31.5,48,1,16
2012,RB,Alexander Green,GB,12,135,464,3.44,38.7,41,0,17
2012,RB,Fred Jackson,Buf,10,115,437,3.8,43.7,15,3,25
2012,RB,Bilal Powell,NYJ,14,110,437,3.97,31.2,18,4,23
2012,RB,Donald Brown,Ind,10,108,417,3.86,41.7,19,1,20
2012,RB,Colin Kaepernick,SF,13,63,415,6.59,31.9,50t,5,20
2012,RB,Joique Bell,Det,16,82,414,5.05,25.9,67,3,16
2012,RB,Maurice Jones-Drew,Jax,6,86,414,4.81,69,59t,1,21
2012,RB,Michael Bush,Chi,13,114,411,3.61,31.6,20,5,28
2012,RB,Isaac Redman,Pit,14,110,410,3.73,29.3,28,2,27
2012,RB,Felix Jones,Dal,16,111,402,3.62,25.1,22t,3,23
2012,RB,Andre Brown,NYG,10,73,385,5.27,38.5,31,8,25
2012,RB,Justin Forsett,Hou,16,63,374,5.94,23.4,81t,1,13
2012,RB,Kendall Hunter,SF,11,72,371,5.15,33.7,26,2,18
2012,RB,Jacquizz Rodgers,Atl,16,94,362,3.85,22.6,43,1,16
2012,RB,David Wilson,NYG,16,71,358,5.04,22.4,52t,4,17
2012,RB,LaRod Stephens-Howling,Ari,14,110,356,3.24,25.4,52,4,15
2012,RB,Robert Turbin,Sea,16,80,354,4.42,22.1,26,0,15
2012,RB,Jonathan Stewart,Car,9,93,336,3.61,37.3,21,1,14
2012,RB,Michael Vick,Phi,10,62,332,5.35,33.2,20,1,20
2012,RB,Ronnie Hillman,Den,14,85,330,3.88,23.6,31,1,19
2012,RB,Daniel Thomas,Mia,12,91,325,3.57,27.1,20,4,15
2012,RB,Jackie Battle,SD,16,95,311,3.27,19.4,52,3,19
2012,RB,Peyton Hillis,KC,13,85,309,3.64,23.8,18,1,19
2012,RB,Danny Woodhead,NE,16,76,301,3.96,18.8,19,4,19
2012,RB,Jake Locker,Ten,11,41,291,7.1,26.5,32,1,13
2012,RB,Rashad Jennings,Jax,10,101,283,2.8,28.3,21,2,16
2012,RB,Ben Tate,Hou,11,65,279,4.29,25.4,25,2,17
2012,RB,Brandon Bolden,NE,10,56,274,4.89,27.4,27,2,18
2012,RB,Montario Hardesty,Cle,13,65,271,4.17,20.8,25,1,12
2012,RB,Marcel Reece,Oak,16,59,271,4.59,16.9,17,0,16
2012,RB,Aaron Rodgers,GB,16,54,259,4.8,16.2,27t,2,20
2012,RB,Cedric Peerman,Cin,14,36,258,7.17,18.4,48,1,10
2012,RB,Andrew Luck,Ind,16,62,255,4.11,15.9,19,5,23
2012,RB,James Starks,GB,6,71,255,3.59,42.5,22t,1,12
2012,RB,Christian Ponder,Min,16,60,253,4.22,15.8,29,2,11
2012,RB,Shane Vereen,NE,13,62,251,4.05,19.3,16,3,15
2012,RB,Lamar Miller,Mia,13,51,250,4.9,19.2,28,1,12
2012,RB,Cedric Benson,GB,5,71,248,3.49,49.6,11,1,10
2012,RB,Darren Sproles,NO,13,48,244,5.08,18.8,47,1,9
2012,RB,Beanie Wells,Ari,8,88,234,2.66,29.2,31t,5,11
2012,RB,Jay Cutler,Chi,15,41,233,5.68,15.5,24,0,15
2012,RB,Shaun Draughn,KC,16,59,233,3.95,14.6,25,2,16
2012,RB,Mike Goodson,Oak,12,35,221,6.31,18.4,43,0,6
2012,RB,Ronnie Brown,SD,14,46,220,4.78,15.7,21,0,12
2012,RB,Chris Ivory,NO,6,40,217,5.42,36.2,56t,2,7
2012,RB,William Powell,Ari,13,60,217,3.62,16.7,17,0,10
2012,RB,Ryan Tannehill,Mia,16,49,211,4.31,13.2,31,2,16
2012,RB,Montell Owens,Jax,13,42,209,4.98,16.1,32t,1,10
2012,RB,Ryan Fitzpatrick,Buf,16,48,197,4.1,12.3,20,1,9
2012,RB,Tashard Choice,Buf,12,47,193,4.11,16.1,22,1,9
2012,RB,Mike Tolbert,Car,16,54,183,3.39,11.4,13,7,24
2012,RB,Rashard Mendenhall,Pit,6,51,182,3.57,30.3,20,0,8
2012,RB,Joe McKnight,NYJ,15,30,179,5.97,11.9,61,0,7
2012,RB,Toby Gerhart,Min,16,50,169,3.38,10.6,22,1,10
2012,RB,Ryan Williams,Ari,5,58,164,2.83,32.8,25,0,7
2012,RB,Lance Ball,Den,15,42,158,3.76,10.5,22,1,10
2012,RB,DuJuan Harris,GB,4,34,157,4.62,39.2,21,2,8
2012,RB,LeGarrette Blount,TB,13,41,151,3.68,11.6,35,2,7
2012,RB,Matt Cassel,KC,9,27,145,5.37,16.1,21,1,12
2012,RB,Jalen Parmele,Jax,11,40,143,3.58,13,28,0,8
2012,RB,Matt Ryan,Atl,16,34,141,4.15,8.8,16,1,7
2012,RB,Josh Freeman,TB,16,39,139,3.56,8.7,13,0,16
2012,RB,Kevin Smith,Det,12,37,134,3.62,11.2,19,1,4
,,,,,,,,,,,
